cohort,strategy,count,item_share
insegnanti_in_servizio,livelli_difficolta,62,0.394904
insegnanti_in_servizio,semplificazione,27,0.171975
insegnanti_in_servizio,supporti_bes_dsa,24,0.152866
insegnanti_in_servizio,esercizi_differenziati,22,0.140127
insegnanti_in_servizio,scaffolding_guidato,22,0.140127
insegnanti_in_servizio,feedback_mirato,9,0.057325
insegnanti_in_servizio,valutazione_formativa,9,0.057325
insegnanti_in_servizio,recupero_prerequisiti,1,0.006369
insegnanti_pre_service,scaffolding_guidato,2,0.074074
insegnanti_pre_service,esercizi_differenziati,1,0.037037
insegnanti_pre_service,feedback_mirato,1,0.037037
insegnanti_pre_service,livelli_difficolta,1,0.037037
insegnanti_pre_service,semplificazione,1,0.037037
