cohort,prompt_type,count,item_share
insegnanti_in_servizio,richiesta_operativa,57,0.358491
insegnanti_in_servizio,altro,44,0.27673
insegnanti_in_servizio,non_prompt,27,0.169811
insegnanti_in_servizio,richiesta_didattica,14,0.08805
insegnanti_in_servizio,richiesta_creativa,11,0.069182
insegnanti_in_servizio,domanda_generica,6,0.037736
insegnanti_pre_service,non_prompt,10,0.4
insegnanti_pre_service,altro,7,0.28
insegnanti_pre_service,richiesta_operativa,6,0.24
insegnanti_pre_service,domanda_generica,1,0.04
insegnanti_pre_service,richiesta_creativa,1,0.04
studenti,richiesta_operativa,101,0.505
studenti,altro,55,0.275
studenti,non_prompt,27,0.135
studenti,domanda_generica,15,0.075
studenti,richiesta_creativa,1,0.005
studenti,richiesta_didattica,1,0.005
