source_name,record_code,group,cohort,item_index,question,answer,practice_present,strategies,strategy_count,target,ai_role,evidence,confidence,reason
insegnanti_futuri_00004m.md,00004M,Insegnanti pre-service,insegnanti_pre_service,3,"In che modo utilizzi l’intelligenza artificiale per individualizzare l’insegnamento? (Nota: l’individualizzazione si riferisce alle strategie didattiche che mirano ad assicurare a tutti gli studenti il raggiungimento delle competenze fondamentali del curricolo, attraverso una diversificazione dei percorsi di insegnamento.)",Attraverso le mappe concettuali,False,,0,non_specificato,non_specificato,Attraverso le mappe concettuali,0.0,"La risposta non descrive una pratica di individualizzazione (strategie, livelli, scaffolding) ma cita solo uno strumento generico (mappe concettuali) senza specificare come venga utilizzato per differenziare i percorsi o supportare il ra..."
insegnanti_futuri_acca02.md,ACCA02,Insegnanti pre-service,insegnanti_pre_service,3,"In che modo utilizzi l’intelligenza artificiale per individualizzare l’insegnamento? (Nota: l’individualizzazione si riferisce alle strategie didattiche che mirano ad assicurare a tutti gli studenti il raggiungimento delle competenze fondamentali del curricolo, attraverso una diversificazione dei percorsi di insegnamento.)",non ho mai insegnato,False,,0,non_specificato,non_specificato,non ho mai insegnato,1.0,"Il partecipante dichiara di non aver mai insegnato, quindi non è possibile descrivere alcuna pratica di individualizzazione."
insegnanti_futuri_aldi28.md,Aldi28,Insegnanti pre-service,insegnanti_pre_service,2,"In che modo utilizzi l’intelligenza artificiale per individualizzare l’insegnamento? (Nota: l’individualizzazione si riferisce alle strategie didattiche che mirano ad assicurare a tutti gli studenti il raggiungimento delle competenze fondamentali del curricolo, attraverso una diversificazione dei percorsi di insegnamento.)",Non la utilizzo,False,,0,non_specificato,non_specificato,Non la utilizzo,1.0,Il partecipante dichiara esplicitamente di non utilizzare l'IA per l'individualizzazione.
insegnanti_futuri_allo13.md,allo13,Insegnanti pre-service,insegnanti_pre_service,2,"In che modo utilizzi l’intelligenza artificiale per individualizzare l’insegnamento? (Nota: l’individualizzazione si riferisce alle strategie didattiche che mirano ad assicurare a tutti gli studenti il raggiungimento delle competenze fondamentali del curricolo, attraverso una diversificazione dei percorsi di insegnamento.)",Descrivendo la situazione dell’ alunno in particolare,False,,0,non_specificato,non_specificato,,0.0,"La risposta descrive solo l'azione di descrizione della situazione dell'alunno, senza menzionare strategie didattiche specifiche per l'individualizzazione (come diversificazione di percorsi, scaffolding, feedback, ecc.) né il ruolo dell'..."
insegnanti_futuri_anzi18.md,anzi18,Insegnanti pre-service,insegnanti_pre_service,3,"In che modo utilizzi l’intelligenza artificiale per individualizzare l’insegnamento? (Nota: l’individualizzazione si riferisce alle strategie didattiche che mirano ad assicurare a tutti gli studenti il raggiungimento delle competenze fondamentali del curricolo, attraverso una diversificazione dei percorsi di insegnamento.)",Al momento in nessun mdodo,False,,0,non_specificato,non_specificato,Al momento in nessun mdodo,1.0,Il partecipante dichiara esplicitamente di non utilizzare l'IA per individualizzare l'insegnamento.
insegnanti_futuri_aria13.md,Aria13,Insegnanti pre-service,insegnanti_pre_service,2,"In che modo utilizzi l’intelligenza artificiale per individualizzare l’insegnamento? (Nota: l’individualizzazione si riferisce alle strategie didattiche che mirano ad assicurare a tutti gli studenti il raggiungimento delle competenze fondamentali del curricolo, attraverso una diversificazione dei percorsi di insegnamento.)",Tramite c.ai intervistamo degli autori per poi produrre power point,False,,0,non_specificato,non_specificato,Tramite c.ai intervistamo degli autori per poi produrre power point,0.0,"La risposta descrive un uso dell'IA per la produzione di materiali (intervista e slide), ma non menziona strategie didattiche di individualizzazione (come diversificazione di percorsi, scaffolding, recupero, ecc.) né il raggiungimento di..."
insegnanti_futuri_bello20.md,Bello20,Insegnanti pre-service,insegnanti_pre_service,3,"In che modo utilizzi l’intelligenza artificiale per individualizzare l’insegnamento? (Nota: l’individualizzazione si riferisce alle strategie didattiche che mirano ad assicurare a tutti gli studenti il raggiungimento delle competenze fondamentali del curricolo, attraverso una diversificazione dei percorsi di insegnamento.)",Ancora non insegno,False,,0,non_specificato,non_specificato,Ancora non insegno,1.0,"Il partecipante dichiara di non insegnare ancora, quindi non è possibile descrivere pratiche di individualizzazione."
insegnanti_futuri_ente12.md,Ente12,Insegnanti pre-service,insegnanti_pre_service,3,"In che modo utilizzi l’intelligenza artificiale per individualizzare l’insegnamento? (Nota: l’individualizzazione si riferisce alle strategie didattiche che mirano ad assicurare a tutti gli studenti il raggiungimento delle competenze fondamentali del curricolo, attraverso una diversificazione dei percorsi di insegnamento.)",non insegno,False,,0,non_specificato,non_specificato,non insegno,1.0,"Il partecipante dichiara esplicitamente di non insegnare, quindi non utilizza l'IA per individualizzare."
insegnanti_futuri_eone18.md,eone18,Insegnanti pre-service,insegnanti_pre_service,3,"In che modo utilizzi l’intelligenza artificiale per individualizzare l’insegnamento? (Nota: l’individualizzazione si riferisce alle strategie didattiche che mirano ad assicurare a tutti gli studenti il raggiungimento delle competenze fondamentali del curricolo, attraverso una diversificazione dei percorsi di insegnamento.)",Non ancora insegno,False,,0,non_specificato,non_specificato,Non ancora insegno,1.0,"Il partecipante dichiara di non insegnare ancora, quindi non è possibile identificare alcuna pratica di individualizzazione."
insegnanti_futuri_erlo23.md,Erlo23,Insegnanti pre-service,insegnanti_pre_service,3,"In che modo utilizzi l’intelligenza artificiale per individualizzare l’insegnamento? (Nota: l’individualizzazione si riferisce alle strategie didattiche che mirano ad assicurare a tutti gli studenti il raggiungimento delle competenze fondamentali del curricolo, attraverso una diversificazione dei percorsi di insegnamento.)",Non la uso,False,,0,non_specificato,non_specificato,Non la uso,1.0,Il partecipante dichiara esplicitamente di non utilizzare l'IA per l'individualizzazione.
insegnanti_futuri_erti16.md,erti16,Insegnanti pre-service,insegnanti_pre_service,2,"In che modo utilizzi l’intelligenza artificiale per individualizzare l’insegnamento? (Nota: l’individualizzazione si riferisce alle strategie didattiche che mirano ad assicurare a tutti gli studenti il raggiungimento delle competenze fondamentali del curricolo, attraverso una diversificazione dei percorsi di insegnamento.)",Non ho mai insegnato.,False,,0,non_specificato,non_specificato,Non ho mai insegnato,1.0,"Il partecipante dichiara di non aver mai insegnato, quindi non è possibile descrivere alcuna pratica di individualizzazione."
insegnanti_futuri_garo04.md,Garo04,Insegnanti pre-service,insegnanti_pre_service,3,"In che modo utilizzi l’intelligenza artificiale per individualizzare l’insegnamento? (Nota: l’individualizzazione si riferisce alle strategie didattiche che mirano ad assicurare a tutti gli studenti il raggiungimento delle competenze fondamentali del curricolo, attraverso una diversificazione dei percorsi di insegnamento.)",Non insegno ancora,False,,0,non_specificato,non_specificato,Non insegno ancora,1.0,"Il partecipante dichiara di non essere ancora in fase di insegnamento, quindi non può utilizzare l'IA per individualizzare."
insegnanti_futuri_ilio18.md,Ilio18,Insegnanti pre-service,insegnanti_pre_service,3,"In che modo utilizzi l’intelligenza artificiale per individualizzare l’insegnamento? (Nota: l’individualizzazione si riferisce alle strategie didattiche che mirano ad assicurare a tutti gli studenti il raggiungimento delle competenze fondamentali del curricolo, attraverso una diversificazione dei percorsi di insegnamento.)",Utilizzando parole chiave,False,,0,non_specificato,non_specificato,Utilizzando parole chiave,0.0,"La risposta non descrive una pratica didattica specifica per l'individualizzazione, ma solo un metodo di input generico."
insegnanti_futuri_ino18.md,Ino18,Insegnanti pre-service,insegnanti_pre_service,2,"In che modo utilizzi l’intelligenza artificiale per individualizzare l’insegnamento? (Nota: l’individualizzazione si riferisce alle strategie didattiche che mirano ad assicurare a tutti gli studenti il raggiungimento delle competenze fondamentali del curricolo, attraverso una diversificazione dei percorsi di insegnamento.)",Per darmi spunti di riflessione,False,,0,non_specificato,non_specificato,Per darmi spunti di riflessione,0.0,"La risposta non descrive una pratica didattica specifica per l'individualizzazione, ma solo un obiettivo generico."
insegnanti_futuri_ioli28.md,Ioli28,Insegnanti pre-service,insegnanti_pre_service,2,"In che modo utilizzi l’intelligenza artificiale per individualizzare l’insegnamento? (Nota: l’individualizzazione si riferisce alle strategie didattiche che mirano ad assicurare a tutti gli studenti il raggiungimento delle competenze fondamentali del curricolo, attraverso una diversificazione dei percorsi di insegnamento.)",Creare spiegazioni personalizzate,True,livelli_difficolta|scaffolding_guidato,2,singolo_studente,generazione_materiali,Creare spiegazioni personalizzate,0.95,La creazione di spiegazioni personalizzate implica l'adattamento dei contenuti e dei livelli di difficoltà in base alle esigenze individuali dello studente.
insegnanti_futuri_manci11.md,Manci11,Insegnanti pre-service,insegnanti_pre_service,3,"In che modo utilizzi l’intelligenza artificiale per individualizzare l’insegnamento? (Nota: l’individualizzazione si riferisce alle strategie didattiche che mirano ad assicurare a tutti gli studenti il raggiungimento delle competenze fondamentali del curricolo, attraverso una diversificazione dei percorsi di insegnamento.)",Rendere il lavoro proposto agli studenti più accattivanti,False,,0,non_specificato,non_specificato,Rendere il lavoro proposto agli studenti più accattivanti,0.0,"La risposta descrive una strategia di motivazione (rendere accattivante) ma non menziona l'uso dell'IA né strategie di individualizzazione delle competenze fondamentali (livelli, scaffolding, ecc.)."
insegnanti_futuri_namo20-10-49.md,Namo20/10/49,Insegnanti pre-service,insegnanti_pre_service,3,"In che modo utilizzi l’intelligenza artificiale per individualizzare l’insegnamento? (Nota: l’individualizzazione si riferisce alle strategie didattiche che mirano ad assicurare a tutti gli studenti il raggiungimento delle competenze fondamentali del curricolo, attraverso una diversificazione dei percorsi di insegnamento.)",Nn utilizzo,False,,0,non_specificato,non_specificato,Nn utilizzo,1.0,L'insegnante dichiara esplicitamente di non utilizzare l'IA per individualizzare l'insegnamento.
insegnanti_futuri_nati19.md,nati19,Insegnanti pre-service,insegnanti_pre_service,3,"In che modo utilizzi l’intelligenza artificiale per individualizzare l’insegnamento? (Nota: l’individualizzazione si riferisce alle strategie didattiche che mirano ad assicurare a tutti gli studenti il raggiungimento delle competenze fondamentali del curricolo, attraverso una diversificazione dei percorsi di insegnamento.)",Creando riassunti di alcuni argomenti ed esercitazioni,True,semplificazione|esercizi_differenziati,2,sottogruppo,generazione_materiali,Creando riassunti di alcuni argomenti ed esercitazioni,0.95,La creazione di riassunti e esercitazioni implica la semplificazione dei contenuti e la differenziazione degli esercizi per supportare il raggiungimento delle competenze.
insegnanti_futuri_orgi03.md,Orgi03,Insegnanti pre-service,insegnanti_pre_service,2,"In che modo utilizzi l’intelligenza artificiale per individualizzare l’insegnamento? (Nota: l’individualizzazione si riferisce alle strategie didattiche che mirano ad assicurare a tutti gli studenti il raggiungimento delle competenze fondamentali del curricolo, attraverso una diversificazione dei percorsi di insegnamento.)",Feedback,True,feedback_mirato,1,singolo_studente,feedback,Feedback,0.95,La risposta esplicita l'uso dell'IA per fornire feedback.
insegnanti_futuri_ossi27.md,Ossi27,Insegnanti pre-service,insegnanti_pre_service,3,"In che modo utilizzi l’intelligenza artificiale per individualizzare l’insegnamento? (Nota: l’individualizzazione si riferisce alle strategie didattiche che mirano ad assicurare a tutti gli studenti il raggiungimento delle competenze fondamentali del curricolo, attraverso una diversificazione dei percorsi di insegnamento.)",L'uso indirettamente con gli studenti,False,,0,non_specificato,non_specificato,,0.0,"La risposta non descrive una pratica didattica specifica per l'individualizzazione, ma solo un uso indiretto."
insegnanti_futuri_prella42.md,Prella42,Insegnanti pre-service,insegnanti_pre_service,3,"In che modo utilizzi l’intelligenza artificiale per individualizzare l’insegnamento? (Nota: l’individualizzazione si riferisce alle strategie didattiche che mirano ad assicurare a tutti gli studenti il raggiungimento delle competenze fondamentali del curricolo, attraverso una diversificazione dei percorsi di insegnamento.)",Non insegno,False,,0,non_specificato,non_specificato,Non insegno,1.0,"Il partecipante dichiara esplicitamente di non svolgere attività di insegnamento, rendendo impossibile l'uso dell'IA per individualizzare."
insegnanti_futuri_rigo23.md,Rigo23,Insegnanti pre-service,insegnanti_pre_service,2,"In che modo utilizzi l’intelligenza artificiale per individualizzare l’insegnamento? (Nota: l’individualizzazione si riferisce alle strategie didattiche che mirano ad assicurare a tutti gli studenti il raggiungimento delle competenze fondamentali del curricolo, attraverso una diversificazione dei percorsi di insegnamento.)",Quiz,False,,0,non_specificato,non_specificato,,0.0,"La risposta non descrive alcuna pratica di individualizzazione, limitandosi a menzionare 'Quiz'."
insegnanti_futuri_rino01.md,Rino01,Insegnanti pre-service,insegnanti_pre_service,3,"In che modo utilizzi l’intelligenza artificiale per individualizzare l’insegnamento? (Nota: l’individualizzazione si riferisce alle strategie didattiche che mirano ad assicurare a tutti gli studenti il raggiungimento delle competenze fondamentali del curricolo, attraverso una diversificazione dei percorsi di insegnamento.)",.,False,,0,non_specificato,non_specificato,,0.0,La risposta è vuota e non descrive alcuna pratica.
insegnanti_futuri_sani26.md,sani26,Insegnanti pre-service,insegnanti_pre_service,3,"In che modo utilizzi l’intelligenza artificiale per individualizzare l’insegnamento? (Nota: l’individualizzazione si riferisce alle strategie didattiche che mirano ad assicurare a tutti gli studenti il raggiungimento delle competenze fondamentali del curricolo, attraverso una diversificazione dei percorsi di insegnamento.)",Non insegno,False,,0,non_specificato,non_specificato,Non insegno,1.0,"Il partecipante dichiara esplicitamente di non insegnare, rendendo impossibile l'uso dell'IA per individualizzare l'insegnamento."
insegnanti_futuri_sser26.md,sser26,Insegnanti pre-service,insegnanti_pre_service,2,"In che modo utilizzi l’intelligenza artificiale per individualizzare l’insegnamento? (Nota: l’individualizzazione si riferisce alle strategie didattiche che mirano ad assicurare a tutti gli studenti il raggiungimento delle competenze fondamentali del curricolo, attraverso una diversificazione dei percorsi di insegnamento.)","Per declinare modelli standard in relazione a specifici contesti. Fornito un modello, l'ia può proporre e fornire spunti interessanti, che poi possono essere implementati.",True,scaffolding_guidato,1,sottogruppo,suggerimento_strategie,"l'ia può proporre e fornire spunti interessanti, che poi possono essere implementati",0.85,"L'IA viene utilizzata per declinare modelli standard in contesti specifici, fornendo spunti per differenziare l'insegnamento."
insegnanti_futuri_urdi30.md,urdi30,Insegnanti pre-service,insegnanti_pre_service,2,"In che modo utilizzi l’intelligenza artificiale per individualizzare l’insegnamento? (Nota: l’individualizzazione si riferisce alle strategie didattiche che mirano ad assicurare a tutti gli studenti il raggiungimento delle competenze fondamentali del curricolo, attraverso una diversificazione dei percorsi di insegnamento.)",Come supporto,False,,0,non_specificato,non_specificato,Come supporto,0.0,"La risposta non descrive una pratica specifica di individualizzazione, ma solo un ruolo generico."
insegnanti_futuri_usso06.md,usso06,Insegnanti pre-service,insegnanti_pre_service,2,"In che modo utilizzi l’intelligenza artificiale per individualizzare l’insegnamento? (Nota: l’individualizzazione si riferisce alle strategie didattiche che mirano ad assicurare a tutti gli studenti il raggiungimento delle competenze fondamentali del curricolo, attraverso una diversificazione dei percorsi di insegnamento.)",chiedo le opinioni,False,,0,non_specificato,non_specificato,chiedo le opinioni,0.0,"La risposta non descrive una pratica di individualizzazione didattica, ma solo un'azione generica di raccolta opinioni."
