source_name,record_code,group,cohort,item_index,question,answer,stance,pro_count,con_count,pro_categories,con_categories,pros_json,cons_json,confidence,reason
insegnanti_futuri_acca02.md,ACCA02,Insegnanti pre-service,insegnanti_pre_service,9,"In base alla tua esperienza, quali sono i pro e i contro dell'uso dell'intelligenza artificiale nell'educazione?","i pro sono tantissimi, se usata nel modo corretto aiuta sia il docente che gli alunni, bisogna però saperla usare, quindi i contro purtroppo sono tanti, perchè semplifica anche troppo la vita degli studenti",misto,1,1,supporto_comprensione,delega_cognitiva,"[{""category"": ""supporto_comprensione"", ""evidence"": ""aiuta sia il docente che gli alunni"", ""reason"": ""Il partecipante indica che l'IA supporta sia i docenti che gli studenti.""}]","[{""category"": ""delega_cognitiva"", ""evidence"": ""semplifica anche troppo la vita degli studenti"", ""reason"": ""Il partecipante segnala che l'IA riduce lo sforzo cognitivo degli studenti semplificando eccessivamente il loro percorso.""}]",0.9,La risposta elenca esplicitamente sia i vantaggi ('pro') sia i svantaggi ('contro') dell'uso dell'IA.
insegnanti_futuri_affa02.md,affa02,Insegnanti pre-service,insegnanti_pre_service,2,"In base alla tua esperienza, quali sono i pro e i contro dell'uso dell'intelligenza artificiale nell'educazione?","Non sviluppa il pensiero critico, non acquisisci determinate capacità.  Pro: può essere utile per velocizzare i tempi",misto,1,1,efficienza_tempo,delega_cognitiva,"[{""category"": ""efficienza_tempo"", ""evidence"": ""velocizzare i tempi"", ""reason"": ""Il partecipante indica che l'IA può essere utile per velocizzare i tempi.""}]","[{""category"": ""delega_cognitiva"", ""evidence"": ""Non sviluppa il pensiero critico, non acquisisci determinate capacità"", ""reason"": ""Il partecipante segnala che l'uso dell'IA impedisce lo sviluppo del pensiero critico e l'acquisizione di capacità.""}]",0.9,La risposta elenca esplicitamente un vantaggio (velocità) e uno svantaggio (mancanza di pensiero critico).
insegnanti_futuri_agna12.md,AGNA12,Insegnanti pre-service,insegnanti_pre_service,3,"In base alla tua esperienza, quali sono i pro e i contro dell'uso dell'intelligenza artificiale nell'educazione?",Pro: Facilità di accesso e aiuto in alcuni campi. Contro: Facilità di accesso e utilizzo eccessivo che sostituisce il mettersi in gioco.,misto,2,2,accessibilita_inclusione|supporto_comprensione,dipendenza|riduzione_relazione,"[{""category"": ""accessibilita_inclusione"", ""evidence"": ""Facilità di accesso"", ""reason"": ""Il partecipante evidenzia la facilità con cui l'IA è raggiungibile.""}, {""category"": ""supporto_comprensione"", ""evidence"": ""aiuto in alcuni campi"", ""reason"": ""Il partecipante cita l'assistenza fornita dall'IA in specifiche aree.""}]","[{""category"": ""dipendenza"", ""evidence"": ""utilizzo eccessivo"", ""reason"": ""Il partecipante segnala il rischio di un uso sproporzionato dello strumento.""}, {""category"": ""riduzione_relazione"", ""evidence"": ""sostituisce il mettersi in gioco"", ""reason"": ""Il partecipante indica che l'uso dell'IA può sostituire l'impegno personale e l'interazione.""}]",0.9,La risposta elenca esplicitamente sia un vantaggio (facilità di accesso e aiuto) sia uno svantaggio (uso eccessivo e sostituzione dell'impegno).
insegnanti_futuri_aldi28.md,Aldi28,Insegnanti pre-service,insegnanti_pre_service,4,"In base alla tua esperienza, quali sono i pro e i contro dell'uso dell'intelligenza artificiale nell'educazione?",Pro: facilitazione del lavoro; contro: -,misto,1,0,efficienza_tempo,,"[{""category"": ""efficienza_tempo"", ""evidence"": ""facilitazione del lavoro"", ""reason"": ""Il partecipante indica che l'IA facilita il lavoro, suggerendo un vantaggio in termini di efficienza.""}]",[],0.9,La risposta elenca esplicitamente un pro e un contro (assente).
insegnanti_futuri_allo13.md,allo13,Insegnanti pre-service,insegnanti_pre_service,5,"In base alla tua esperienza, quali sono i pro e i contro dell'uso dell'intelligenza artificiale nell'educazione?",Vedo solo i pro,solo_pro,0,0,,,[],[],1.0,"Il partecipante dichiara di vedere solo i pro, indicando una percezione esclusivamente positiva dell'uso dell'IA."
insegnanti_futuri_also16.md,ALso16,Insegnanti pre-service,insegnanti_pre_service,3,"In base alla tua esperienza, quali sono i pro e i contro dell'uso dell'intelligenza artificiale nell'educazione?","Io credo che l'intelligenza artificiale sia utile per invogliare i ragazzi a studiare e a seguire la lezione,un contro è che possano utilizzarla troppo e quindi non fare più nulla da soli",misto,1,1,creativita_coinvolgimento,dipendenza,"[{""category"": ""creativita_coinvolgimento"", ""evidence"": ""utile per invogliare i ragazzi a studiare e a seguire la lezione"", ""reason"": ""Il partecipante cita l'IA come strumento per aumentare la motivazione e l'attenzione degli studenti.""}]","[{""category"": ""dipendenza"", ""evidence"": ""possano utilizzarla troppo e quindi non fare più nulla da soli"", ""reason"": ""Il partecipante evidenzia il rischio di un uso eccessivo che porta all'abbandono dell'autonomia.""}]",0.95,La risposta esplicita chiaramente un beneficio (coinvolgimento) e un rischio (dipendenza).
insegnanti_futuri_ani15.md,ANI15,Insegnanti pre-service,insegnanti_pre_service,3,"In base alla tua esperienza, quali sono i pro e i contro dell'uso dell'intelligenza artificiale nell'educazione?",Sono favorevole per ampliare concetti già sviluppati. Non ha controindicazioni.,solo_pro,1,0,creativita_coinvolgimento,,"[{""category"": ""creativita_coinvolgimento"", ""evidence"": ""ampliare concetti già sviluppati"", ""reason"": ""Il partecipante indica che l'IA permette di espandere e approfondire i concetti esistenti.""}]",[],0.9,La risposta esprime esplicitamente un favorevole e nega l'esistenza di controindicazioni.
insegnanti_futuri_anzi18.md,anzi18,Insegnanti pre-service,insegnanti_pre_service,9,"In base alla tua esperienza, quali sono i pro e i contro dell'uso dell'intelligenza artificiale nell'educazione?",Pro:  Velocità di ricerca e ottenimento delle informazione  Impoverimento intellettuale,misto,1,1,ricerca_informazioni,delega_cognitiva,"[{""category"": ""ricerca_informazioni"", ""evidence"": ""Velocità di ricerca e ottenimento delle informazione"", ""reason"": ""Il partecipante evidenzia la rapidità nell'acquisizione di dati come vantaggio.""}]","[{""category"": ""delega_cognitiva"", ""evidence"": ""Impoverimento intellettuale"", ""reason"": ""Il partecipante segnala il rischio di un peggioramento delle capacità intellettuali.""}]",0.95,La risposta elenca esplicitamente un pro e un contro.
insegnanti_futuri_ardi11.md,ardi11,Insegnanti pre-service,insegnanti_pre_service,3,"In base alla tua esperienza, quali sono i pro e i contro dell'uso dell'intelligenza artificiale nell'educazione?","I pro: facilitare la produzione di ricerche, di studio. Contro: eliminare alcune funzioni della mente umana come il ragionamento",misto,1,1,produzione_materiali,delega_cognitiva,"[{""category"": ""produzione_materiali"", ""evidence"": ""facilitare la produzione di ricerche, di studio"", ""reason"": ""Il partecipante cita la facilitazione nella creazione di materiale didattico e di ricerca come vantaggio.""}]","[{""category"": ""delega_cognitiva"", ""evidence"": ""eliminare alcune funzioni della mente umana come il ragionamento"", ""reason"": ""Il partecipante evidenzia il rischio di perdita delle capacità cognitive autonome.""}]",0.9,La risposta elenca esplicitamente un pro e un contro.
insegnanti_futuri_aria13.md,Aria13,Insegnanti pre-service,insegnanti_pre_service,8,"In base alla tua esperienza, quali sono i pro e i contro dell'uso dell'intelligenza artificiale nell'educazione?",Dipende se sei tu a trascinare l'IA oppure il contrario,nessuno,0,0,,,[],[],0.0,La risposta è una frase generica che non elenca né pro né contro specifici.
insegnanti_futuri_arta20.md,arta20,Insegnanti pre-service,insegnanti_pre_service,2,"In base alla tua esperienza, quali sono i pro e i contro dell'uso dell'intelligenza artificiale nell'educazione?",Utilizzo inappropriato da parte degli studenti,nessuno,0,0,,,[],[],0.0,Nessuna classificazione valida restituita dal modello.
insegnanti_futuri_bello20.md,Bello20,Insegnanti pre-service,insegnanti_pre_service,9,"In base alla tua esperienza, quali sono i pro e i contro dell'uso dell'intelligenza artificiale nell'educazione?","I pro sono trovare informazioni in tempi brevi, i contro che può non esserci una rielaborazione dei dati e quindi una non acquisizione.",misto,1,1,ricerca_informazioni,delega_cognitiva,"[{""category"": ""ricerca_informazioni"", ""evidence"": ""trovare informazioni in tempi brevi"", ""reason"": ""Il partecipante evidenzia la rapidità nell'accesso alle informazioni come vantaggio.""}]","[{""category"": ""delega_cognitiva"", ""evidence"": ""non esserci una rielaborazione dei dati e quindi una non acquisizione"", ""reason"": ""Il partecipante segnala il rischio di non elaborare i contenuti, impedendo l'apprendimento.""}]",0.9,La risposta elenca esplicitamente un pro e un contro.
insegnanti_futuri_boli14.md,BOLI14,Insegnanti pre-service,insegnanti_pre_service,3,"In base alla tua esperienza, quali sono i pro e i contro dell'uso dell'intelligenza artificiale nell'educazione?",Contro: Rischio di non utilizzare l’impegno nello  studio-  Pro: stimolare uso di nuovi strumenti,misto,1,1,creativita_coinvolgimento,dipendenza,"[{""category"": ""creativita_coinvolgimento"", ""evidence"": ""stimolare uso di nuovi strumenti"", ""reason"": ""Il partecipante indica che l'IA favorisce l'adozione di nuovi strumenti, implicando un potenziale aumento della creatività e dell'engagement.""}]","[{""category"": ""dipendenza"", ""evidence"": ""Rischio di non utilizzare l’impegno nello studio"", ""reason"": ""Il partecipante evidenzia il rischio che l'uso dell'IA porti a una riduzione dell'impegno personale nello studio.""}]",0.9,La risposta elenca esplicitamente sia un pro che un contro.
insegnanti_futuri_bone16.md,Bone16,Insegnanti pre-service,insegnanti_pre_service,2,"In base alla tua esperienza, quali sono i pro e i contro dell'uso dell'intelligenza artificiale nell'educazione?",Utilizzo superficiale da parte dei ragazzi e mancanza di motivazione e stimoli degli insegnanti nella preparazione delle lezioni,nessuno,0,0,,,[],[],0.0,Nessuna classificazione valida restituita dal modello.
insegnanti_futuri_buri03.md,Buri03,Insegnanti pre-service,insegnanti_pre_service,3,"In base alla tua esperienza, quali sono i pro e i contro dell'uso dell'intelligenza artificiale nell'educazione?",Non ho esperienza in merito,nessuno,0,0,,,[],[],1.0,"Il partecipante dichiara esplicitamente di non avere esperienza in merito, rendendo impossibile l'identificazione di pro o contro."
insegnanti_futuri_cara23.md,Cara23,Insegnanti pre-service,insegnanti_pre_service,3,"In base alla tua esperienza, quali sono i pro e i contro dell'uso dell'intelligenza artificiale nell'educazione?",A b x,nessuno,0,0,,,[],[],1.0,"La risposta non contiene alcuna informazione sostanziale, limitandosi a una sigla ('A b x') che non permette di identificare pro o contro."
insegnanti_futuri_cato20.md,Cato20,Insegnanti pre-service,insegnanti_pre_service,3,"In base alla tua esperienza, quali sono i pro e i contro dell'uso dell'intelligenza artificiale nell'educazione?","L'intelligenza artificiale nella maggior parte delle situazioni può essere utile per facilitare qualsiasi lavoro,ma non deve sostituirsi del tutto alla mente e al lavoro umano",misto,1,1,efficienza_tempo,delega_cognitiva,"[{""category"": ""efficienza_tempo"", ""evidence"": ""facilitare qualsiasi lavoro"", ""reason"": ""Il partecipante indica che l'IA facilita il lavoro, implicando un vantaggio di efficienza.""}]","[{""category"": ""delega_cognitiva"", ""evidence"": ""non deve sostituirsi del tutto alla mente e al lavoro umano"", ""reason"": ""Il partecipante avverte il rischio di sostituzione della mente umana, indicando una perdita di autonomia cognitiva.""}]",0.9,La risposta elenca esplicitamente un beneficio ('facilitare') e un rischio ('non deve sostituirsi').
insegnanti_futuri_cchi07.md,cchi07,Insegnanti pre-service,insegnanti_pre_service,3,"In base alla tua esperienza, quali sono i pro e i contro dell'uso dell'intelligenza artificiale nell'educazione?",L'intelligenza artificiale sarà sempre più presente sia nella didattica scolastica sia nella vita quotidiana. Sono contro all'utilizzo continuo e sono favorevole perché agevola molto il lavoro e lo studio.,nessuno,0,0,,,[],[],0.0,Nessuna classificazione valida restituita dal modello.
insegnanti_futuri_cino-09-07-1968.md,Cino 09/07/1968,Insegnanti pre-service,insegnanti_pre_service,3,"In base alla tua esperienza, quali sono i pro e i contro dell'uso dell'intelligenza artificiale nell'educazione?",Non ne ho avuta,nessuno,0,0,,,[],[],1.0,"Il partecipante dichiara di non avere esperienza sull'argomento, rendendo impossibile identificare pro o contro."
insegnanti_futuri_colo01.md,colo01,Insegnanti pre-service,insegnanti_pre_service,3,"In base alla tua esperienza, quali sono i pro e i contro dell'uso dell'intelligenza artificiale nell'educazione?",Pro velocità di apprendimento. Contro poca volontà di apprendimento,misto,1,1,efficienza_tempo,dipendenza,"[{""category"": ""efficienza_tempo"", ""evidence"": ""velocità di apprendimento"", ""reason"": ""Il partecipante cita la rapidità come vantaggio.""}]","[{""category"": ""dipendenza"", ""evidence"": ""poca volontà di apprendimento"", ""reason"": ""Il partecipante indica una riduzione della motivazione o volontà a imparare.""}]",0.9,La risposta elenca esplicitamente un pro e un contro.
insegnanti_futuri_daqu04.md,Daqu04,Insegnanti pre-service,insegnanti_pre_service,3,"In base alla tua esperienza, quali sono i pro e i contro dell'uso dell'intelligenza artificiale nell'educazione?",Pro aiuta soprattutto in caso di disabilità o fragilità nell'apprendimento. Può creare dipendenza,nessuno,0,0,,,[],[],0.0,Nessuna classificazione valida restituita dal modello.
insegnanti_futuri_dema16.md,dema16,Insegnanti pre-service,insegnanti_pre_service,3,"In base alla tua esperienza, quali sono i pro e i contro dell'uso dell'intelligenza artificiale nell'educazione?","Sicuramente L'IA darebbe accesso ad una mole di informazioni e di applicazione e comunicazione di esse notevolmente più ampie. Semplificherebbe il lavoro di ricerca, lasciando più tempo alla messa in pratica della messa in pratica dell'attività educativa. Di contro , credo possa livellare troppo il processo educativo.",misto,2,1,ricerca_informazioni|efficienza_tempo,standardizzazione,"[{""category"": ""ricerca_informazioni"", ""evidence"": ""accesso ad una mole di informazioni e di applicazione e comunicazione di esse notevolmente più ampie"", ""reason"": ""Il partecipante evidenzia l'espansione delle risorse informative disponibili.""}, {""category"": ""efficienza_tempo"", ""evidence"": ""Semplificherebbe il lavoro di ricerca, lasciando più tempo alla messa in pratica dell'attività educativa"", ""reason"": ""Il partecipante indica che l'IA riduce il tempo dedicato alla ricerca, liberando tempo per la pratica educativa.""}]","[{""category"": ""standardizzazione"", ""evidence"": ""livellare troppo il processo educativo"", ""reason"": ""Il partecipante teme che l'IA omogeneizzi eccessivamente il percorso educativo, riducendo la diversità.""}]",0.9,"La risposta elenca chiaramente sia vantaggi (accesso informazioni, risparmio tempo) sia svantaggi (livellamento processo)."
insegnanti_futuri_deni17.md,Deni17,Insegnanti pre-service,insegnanti_pre_service,2,"In base alla tua esperienza, quali sono i pro e i contro dell'uso dell'intelligenza artificiale nell'educazione?","Pro perché aiuta moltissimo, ma è fondamentale la verifica delle info e la mediazione dei docenti",nessuno,0,0,,,[],[],0.0,Nessuna classificazione valida restituita dal modello.
insegnanti_futuri_dini06.md,dini06,Insegnanti pre-service,insegnanti_pre_service,3,"In base alla tua esperienza, quali sono i pro e i contro dell'uso dell'intelligenza artificiale nell'educazione?","Ho poca esperienza in merito. Il mio pensiero è che un rapporto educativo si basi sulla relazione, di conseguenza l'IA può/deve essere solo uno strumento e non un motus oprendi",solo_contro,0,1,,riduzione_relazione,[],"[{""category"": ""riduzione_relazione"", ""evidence"": ""un rapporto educativo si basi sulla relazione"", ""reason"": ""Il partecipante sottolinea che l'IA non può sostituire la relazione umana fondamentale nell'educazione.""}]",0.9,"La risposta esprime un limite principale (la relazione) e definisce l'IA come strumento subordinato, senza citare benefici."
insegnanti_futuri_dosa17.md,Dosa17,Insegnanti pre-service,insegnanti_pre_service,2,"In base alla tua esperienza, quali sono i pro e i contro dell'uso dell'intelligenza artificiale nell'educazione?",Non lo so perché non insegno,nessuno,0,0,,,[],[],0.9,Il partecipante dichiara di non avere esperienza diretta sull'argomento.
insegnanti_futuri_ecca04.md,ecca04,Insegnanti pre-service,insegnanti_pre_service,3,"In base alla tua esperienza, quali sono i pro e i contro dell'uso dell'intelligenza artificiale nell'educazione?",Non ho ancora esperienza diretta nell’insegnamento per poter rispondere,nessuno,0,0,,,[],[],1.0,"Il partecipante dichiara di non avere esperienza diretta per rispondere, quindi non esprime né pro né contro."
insegnanti_futuri_elis07.md,Elis07,Insegnanti pre-service,insegnanti_pre_service,3,"In base alla tua esperienza, quali sono i pro e i contro dell'uso dell'intelligenza artificiale nell'educazione?","Il vaglio critico dell'essere umano è imprescindibile soprattutto in relazione alla componente emotiva, in relazione alla creatività umana che è ben diversa da quella generata dall'intelligenza artificiale, in relazione alla creazione di una relazione educativa autentica, in relazione al feedback che può fare un insegnante e anche in qualità di adulto di riferimento",nessuno,0,0,,,[],[],0.0,Nessuna classificazione valida restituita dal modello.
insegnanti_futuri_elli07.md,elli07,Insegnanti pre-service,insegnanti_pre_service,3,"In base alla tua esperienza, quali sono i pro e i contro dell'uso dell'intelligenza artificiale nell'educazione?",Credo che l’IA sia molto utile nella progettazione didattica e molto meno nella valutazione,nessuno,0,0,,,[],[],0.0,Nessuna classificazione valida restituita dal modello.
insegnanti_futuri_elli26.md,ELLI26,Insegnanti pre-service,insegnanti_pre_service,3,"In base alla tua esperienza, quali sono i pro e i contro dell'uso dell'intelligenza artificiale nell'educazione?","I pro sono: risparmio di tempo, facilitare l’accesso alle informazioni  può rendere meglio accessibile l’istruzione degli studenti disabili  I contro sono: Affidarsi eccessivamente all’intelligenza artificiale nel campo della formazione potrebbe portare a una riduzione delle interazioni tra studenti e insegnanti e a una minore opportunità di apprendimento pratico;",misto,3,2,efficienza_tempo|ricerca_informazioni|accessibilita_inclusione,riduzione_relazione|delega_cognitiva,"[{""category"": ""efficienza_tempo"", ""evidence"": ""risparmio di tempo"", ""reason"": ""Il partecipante cita il risparmio di tempo come vantaggio.""}, {""category"": ""ricerca_informazioni"", ""evidence"": ""facilitare l'accesso alle informazioni"", ""reason"": ""Il partecipante indica che l'IA facilita l'accesso alle informazioni.""}, {""category"": ""accessibilita_inclusione"", ""evidence"": ""può rendere meglio accessibile l'istruzione degli studenti disabili"", ""reason"": ""Il partecipante evidenzia il beneficio per l'inclusione degli studenti disabili.""}]","[{""category"": ""riduzione_relazione"", ""evidence"": ""riduzione delle interazioni tra studenti e insegnanti"", ""reason"": ""Il partecipante segnala che l'eccessivo affidamento riduce le interazioni umane.""}, {""category"": ""delega_cognitiva"", ""evidence"": ""minore opportunità di apprendimento pratico"", ""reason"": ""Il partecipante collega la riduzione delle interazioni a una minore opportunità di apprendimento pratico.""}]",0.95,La risposta elenca chiaramente tre benefici e due rischi specifici.
insegnanti_futuri_ente12.md,Ente12,Insegnanti pre-service,insegnanti_pre_service,9,"In base alla tua esperienza, quali sono i pro e i contro dell'uso dell'intelligenza artificiale nell'educazione?",Pro facilità il lavoro contro facilita gli studenti con effetti negativi,misto,1,1,efficienza_tempo,delega_cognitiva,"[{""category"": ""efficienza_tempo"", ""evidence"": ""Pro facilità il lavoro"", ""reason"": ""Il partecipante indica che l'IA facilita il lavoro, suggerendo un vantaggio in termini di efficienza o semplificazione operativa.""}]","[{""category"": ""delega_cognitiva"", ""evidence"": ""contro facilita gli studenti con effetti negativi"", ""reason"": ""Il partecipante segnala che l'IA facilita gli studenti ma con 'effetti negativi', interpretati come un rischio di delega cognitiva o dipendenza.""}]",0.9,La risposta elenca esplicitamente un pro ('facilità il lavoro') e un contro ('effetti negativi').
insegnanti_futuri_ento19.md,Ento19,Insegnanti pre-service,insegnanti_pre_service,2,"In base alla tua esperienza, quali sono i pro e i contro dell'uso dell'intelligenza artificiale nell'educazione?",Ridurre la capacità di pensiero degli alunni,nessuno,0,0,,,[],[],0.0,Nessuna classificazione valida restituita dal modello.
insegnanti_futuri_eone18.md,eone18,Insegnanti pre-service,insegnanti_pre_service,9,"In base alla tua esperienza, quali sono i pro e i contro dell'uso dell'intelligenza artificiale nell'educazione?",La velocità e l'errore,misto,1,1,efficienza_tempo,affidabilita_errori,"[{""category"": ""efficienza_tempo"", ""evidence"": ""velocità"", ""reason"": ""Il partecipante cita la velocità come vantaggio.""}]","[{""category"": ""affidabilita_errori"", ""evidence"": ""errore"", ""reason"": ""Il partecipante cita l'errore come svantaggio.""}]",0.9,La risposta elenca esplicitamente un pro (velocità) e un contro (errore).
insegnanti_futuri_eres08.md,eres08,Insegnanti pre-service,insegnanti_pre_service,3,"In base alla tua esperienza, quali sono i pro e i contro dell'uso dell'intelligenza artificiale nell'educazione?",Progettazione più rapida e interdisciplinare,nessuno,0,0,,,[],[],0.0,Nessuna classificazione valida restituita dal modello.
insegnanti_futuri_erlo23.md,Erlo23,Insegnanti pre-service,insegnanti_pre_service,9,"In base alla tua esperienza, quali sono i pro e i contro dell'uso dell'intelligenza artificiale nell'educazione?",Dipende dal docente,nessuno,0,0,,,[],[],0.0,La risposta è generica e non elenca benefici o rischi specifici.
insegnanti_futuri_erna24.md,erna24,Insegnanti pre-service,insegnanti_pre_service,2,"In base alla tua esperienza, quali sono i pro e i contro dell'uso dell'intelligenza artificiale nell'educazione?","Utile per raccogliere informazioni, fare ricerche ecc...bisogna controllare le risposte per non incorrere in errori, conoscere come comunicare i prompt è fondamentale per non ricevere risposte falsate",misto,1,2,ricerca_informazioni,affidabilita_errori|delega_cognitiva,"[{""category"": ""ricerca_informazioni"", ""evidence"": ""utile per raccogliere informazioni, fare ricerche ecc..."", ""reason"": ""Il partecipante evidenzia l'utilità dell'IA nel supporto alla raccolta dati e alla ricerca.""}]","[{""category"": ""affidabilita_errori"", ""evidence"": ""bisogna controllare le risposte per non incorrere in errori"", ""reason"": ""Il partecipante segnala la necessità di verifica per evitare risposte errate.""}, {""category"": ""delega_cognitiva"", ""evidence"": ""conoscere come comunicare i prompt è fondamentale per non ricevere risposte falsate"", ""reason"": ""Il partecipante sottolinea il rischio di risposte non accurate se non si gestisce correttamente l'interazione.""}]",0.9,La risposta elenca sia un beneficio operativo (ricerca) sia rischi legati all'affidabilità e alla gestione dell'interazione.
insegnanti_futuri_erti16.md,erti16,Insegnanti pre-service,insegnanti_pre_service,8,"In base alla tua esperienza, quali sono i pro e i contro dell'uso dell'intelligenza artificiale nell'educazione?",Non ho mai insegnato.,nessuno,0,0,,,[],[],0.0,Nessuna classificazione valida restituita dal modello.
insegnanti_futuri_etti10.md,Etti10,Insegnanti pre-service,insegnanti_pre_service,3,"In base alla tua esperienza, quali sono i pro e i contro dell'uso dell'intelligenza artificiale nell'educazione?",Non l ho usata,nessuno,0,0,,,[],[],1.0,"Il partecipante dichiara di non aver mai utilizzato l'IA, quindi non può esprimere pro o contro basati sull'esperienza diretta."
insegnanti_futuri_faro01.md,FARO01,Insegnanti pre-service,insegnanti_pre_service,3,"In base alla tua esperienza, quali sono i pro e i contro dell'uso dell'intelligenza artificiale nell'educazione?",Tra i pro si può pensare la scoperta e l'importanza che l'intelligenza artificiale riveste nella vista di ognuno di noi. Tra i contro l'uso improprio che ne potrebbe derivare.,misto,1,1,creativita_coinvolgimento,delega_cognitiva,"[{""category"": ""creativita_coinvolgimento"", ""evidence"": ""scoperta e l'importanza che l'intelligenza artificiale riveste"", ""reason"": ""Il partecipante evidenzia il valore positivo della scoperta e dell'importanza dell'IA per gli individui.""}]","[{""category"": ""delega_cognitiva"", ""evidence"": ""uso improprio che ne potrebbe derivare"", ""reason"": ""Il partecipante segnala il rischio legato a un utilizzo scorretto dell'IA.""}]",0.7,La risposta elenca sia un aspetto positivo (scoperta/importanza) sia un aspetto negativo (uso improprio).
insegnanti_futuri_fini10.md,Fini10,Insegnanti pre-service,insegnanti_pre_service,3,"In base alla tua esperienza, quali sono i pro e i contro dell'uso dell'intelligenza artificiale nell'educazione?",Agevolare determinati processi i contro diminuire la produzione e creatività,misto,1,1,efficienza_tempo,creativita_coinvolgimento,"[{""category"": ""efficienza_tempo"", ""evidence"": ""Agevolare determinati processi"", ""reason"": ""Il partecipante indica che l'IA facilita o velocizza specifici processi.""}]","[{""category"": ""creativita_coinvolgimento"", ""evidence"": ""diminuire la produzione e creatività"", ""reason"": ""Il partecipante segnala un rischio di riduzione della creatività e della produzione.""}]",0.9,La risposta elenca esplicitamente un vantaggio ('Agevolare') e uno svantaggio ('diminuire').
insegnanti_futuri_garo04.md,Garo04,Insegnanti pre-service,insegnanti_pre_service,9,"In base alla tua esperienza, quali sono i pro e i contro dell'uso dell'intelligenza artificiale nell'educazione?",Gli studenti copiano,solo_contro,0,1,,plagio_autorialita,[],"[{""category"": ""plagio_autorialita"", ""evidence"": ""Gli studenti copiano"", ""reason"": ""Il partecipante evidenzia il rischio di plagio e mancanza di originalità.""}]",1.0,La risposta menziona esclusivamente un aspetto negativo (copiare).
insegnanti_futuri_glia03.md,Glia03,Insegnanti pre-service,insegnanti_pre_service,3,"In base alla tua esperienza, quali sono i pro e i contro dell'uso dell'intelligenza artificiale nell'educazione?",Non ho esperienza a riguardo,nessuno,0,0,,,[],[],1.0,"Il partecipante dichiara esplicitamente di non avere esperienza a riguardo, rendendo impossibile l'identificazione di pro o contro."
insegnanti_futuri_hini07.md,Hini07,Insegnanti pre-service,insegnanti_pre_service,2,"In base alla tua esperienza, quali sono i pro e i contro dell'uso dell'intelligenza artificiale nell'educazione?","Apprendimento personalizzato e un concreto aiuto per studenti con difficoltà  Rischio di una ridotta motivazione, perdita di creatività e dipendenza tecnologica",nessuno,0,0,,,[],[],0.0,Nessuna classificazione valida restituita dal modello.
insegnanti_futuri_iali12.md,Iali12,Insegnanti pre-service,insegnanti_pre_service,3,"In base alla tua esperienza, quali sono i pro e i contro dell'uso dell'intelligenza artificiale nell'educazione?",I contro sicuramente l’utilizzo sbagliato che porta i ragazzi a pensare di far svolgere un lavoro dall’IA al posto loro e quindi fare un copia-incolla non verificando poi la veridicità delle informazioni. I pro un grande aiuto a livello di tempo.,misto,1,1,efficienza_tempo,delega_cognitiva,"[{""category"": ""efficienza_tempo"", ""evidence"": ""un grande aiuto a livello di tempo"", ""reason"": ""Il partecipante cita il risparmio di tempo come vantaggio.""}]","[{""category"": ""delega_cognitiva"", ""evidence"": ""far svolgere un lavoro dall'IA al posto loro"", ""reason"": ""Il partecipante evidenzia il rischio di delegare il lavoro intellettuale all'IA senza verifica.""}]",0.95,La risposta elenca esplicitamente un pro (tempo) e un contro (uso sbagliato/delega).
insegnanti_futuri_iano06.md,iano06,Insegnanti pre-service,insegnanti_pre_service,3,"In base alla tua esperienza, quali sono i pro e i contro dell'uso dell'intelligenza artificiale nell'educazione?","Pro: penso sia utile per dare dei suggerimenti, per espandere la propria rete di conoscenza riguardo un argomento Contro: diminuzione dell'originalità e del lavoro di ricerca personale dello studente",misto,1,2,ricerca_informazioni,creativita_coinvolgimento|autonomia_organizzazione,"[{""category"": ""ricerca_informazioni"", ""evidence"": ""utile per dare dei suggerimenti, per espandere la propria rete di conoscenza riguardo un argomento"", ""reason"": ""Il partecipante evidenzia l'utilità dell'IA nell'espandere la conoscenza e fornire suggerimenti.""}]","[{""category"": ""creativita_coinvolgimento"", ""evidence"": ""diminuzione dell'originalità"", ""reason"": ""Il partecipante segnala che l'uso dell'IA riduce l'originalità.""}, {""category"": ""autonomia_organizzazione"", ""evidence"": ""diminuzione del lavoro di ricerca personale dello studente"", ""reason"": ""Il partecipante indica una riduzione del lavoro di ricerca personale.""}]",0.95,La risposta elenca esplicitamente un pro (espansione conoscenza) e due contro (riduzione originalità e ricerca personale).
insegnanti_futuri_iano11.md,iano11,Insegnanti pre-service,insegnanti_pre_service,3,"In base alla tua esperienza, quali sono i pro e i contro dell'uso dell'intelligenza artificiale nell'educazione?","Sicuramente riduce i tempi per portare a termine un lavoro, ma purtroppo il suo utilizzo disabitua i ragazzi ad impegnarsi e ad utilizzare alcune capacità cognizione",misto,1,1,efficienza_tempo,delega_cognitiva,"[{""category"": ""efficienza_tempo"", ""evidence"": ""riduce i tempi per portare a termine un lavoro"", ""reason"": ""Il partecipante evidenzia la riduzione dei tempi di esecuzione come vantaggio.""}]","[{""category"": ""delega_cognitiva"", ""evidence"": ""disabitua i ragazzi ad impegnarsi e ad utilizzare alcune capacità cognizione"", ""reason"": ""Il partecipante segnala il rischio di perdita di impegno e capacità cognitive autonome.""}]",0.95,La risposta elenca esplicitamente un beneficio (tempo) e un rischio (capacità cognitive).
insegnanti_futuri_ifra19.md,ifra19,Insegnanti pre-service,insegnanti_pre_service,3,"In base alla tua esperienza, quali sono i pro e i contro dell'uso dell'intelligenza artificiale nell'educazione?",Pro che potrebbe aiutare chi ha svantaggio socio culturale Contro il troppo uso potrebbe creare dipendenza dall'IA,misto,1,1,accessibilita_inclusione,dipendenza,"[{""category"": ""accessibilita_inclusione"", ""evidence"": ""aiutare chi ha svantaggio socio culturale"", ""reason"": ""Il partecipante indica che l'IA può supportare studenti con svantaggi socio-culturali.""}]","[{""category"": ""dipendenza"", ""evidence"": ""troppo uso potrebbe creare dipendenza dall'IA"", ""reason"": ""Il partecipante segnala il rischio di dipendenza derivante da un uso eccessivo.""}]",0.9,La risposta elenca esplicitamente un beneficio (inclusione) e un rischio (dipendenza).
insegnanti_futuri_ilio18.md,Ilio18,Insegnanti pre-service,insegnanti_pre_service,9,"In base alla tua esperienza, quali sono i pro e i contro dell'uso dell'intelligenza artificiale nell'educazione?",È piu facile fare ricerche,solo_pro,1,0,ricerca_informazioni,,"[{""category"": ""ricerca_informazioni"", ""evidence"": ""È piu facile fare ricerche"", ""reason"": ""Il partecipante indica che l'IA facilita il processo di ricerca.""}]",[],0.9,La risposta menziona esclusivamente un vantaggio operativo.
insegnanti_futuri_ino18.md,Ino18,Insegnanti pre-service,insegnanti_pre_service,8,"In base alla tua esperienza, quali sono i pro e i contro dell'uso dell'intelligenza artificiale nell'educazione?",Pro velocità di elaborazione informazioni contro omologazione,nessuno,0,0,,,[],[],0.0,Nessuna classificazione valida restituita dal modello.
insegnanti_futuri_ioli21.md,ioli21,Insegnanti pre-service,insegnanti_pre_service,3,"In base alla tua esperienza, quali sono i pro e i contro dell'uso dell'intelligenza artificiale nell'educazione?",Non ho un'esperienza. Tra i pro si potrebbe considerare la possibilità di avere spunti di idee; tra i contro il rischio di un utilizzo inappropriato che azzera la possibilità di sviluppo,misto,1,1,creativita_coinvolgimento,delega_cognitiva,"[{""category"": ""creativita_coinvolgimento"", ""evidence"": ""possibilità di avere spunti di idee"", ""reason"": ""Il partecipante cita la generazione di nuove idee come vantaggio.""}]","[{""category"": ""delega_cognitiva"", ""evidence"": ""azzera la possibilità di sviluppo"", ""reason"": ""Il partecipante indica che l'uso inappropriato blocca lo sviluppo personale.""}]",0.9,La risposta elenca esplicitamente un pro e un contro.
insegnanti_futuri_ioli28.md,Ioli28,Insegnanti pre-service,insegnanti_pre_service,8,"In base alla tua esperienza, quali sono i pro e i contro dell'uso dell'intelligenza artificiale nell'educazione?",Perdita di attitudine alla ricerca,solo_contro,0,1,,delega_cognitiva,[],"[{""category"": ""delega_cognitiva"", ""evidence"": ""Perdita di attitudine alla ricerca"", ""reason"": ""Il partecipante evidenzia il rischio di perdere le capacità di ricerca autonoma.""}]",0.95,La risposta menziona esclusivamente un aspetto negativo.
insegnanti_futuri_ioni07.md,Ioni07,Insegnanti pre-service,insegnanti_pre_service,3,"In base alla tua esperienza, quali sono i pro e i contro dell'uso dell'intelligenza artificiale nell'educazione?",Velocità,nessuno,0,0,,,[],[],0.0,Nessuna classificazione valida restituita dal modello.
insegnanti_futuri_iosa01.md,Iosa01,Insegnanti pre-service,insegnanti_pre_service,3,"In base alla tua esperienza, quali sono i pro e i contro dell'uso dell'intelligenza artificiale nell'educazione?",Non lo sapevo,nessuno,0,0,,,[],[],0.0,"Il partecipante dichiara di non conoscere i pro e i contro, non fornendo alcuna evidenza testuale."
insegnanti_futuri_iosi12.md,iosi12,Insegnanti pre-service,insegnanti_pre_service,3,"In base alla tua esperienza, quali sono i pro e i contro dell'uso dell'intelligenza artificiale nell'educazione?",Non ho esperienza in materia,nessuno,0,0,,,[],[],1.0,"Il partecipante dichiara esplicitamente di non avere esperienza in materia, rendendo impossibile l'identificazione di pro o contro."
insegnanti_futuri_irra61.md,irra61,Insegnanti pre-service,insegnanti_pre_service,2,"In base alla tua esperienza, quali sono i pro e i contro dell'uso dell'intelligenza artificiale nell'educazione?","PRO: supporto agli insegnanti, accesso a risorse didattiche avanzate CONTRO: mancanza di relazione umana e dipendenza dalla tecnologia",misto,2,2,supporto_comprensione|produzione_materiali,riduzione_relazione|dipendenza,"[{""category"": ""supporto_comprensione"", ""evidence"": ""supporto agli insegnanti"", ""reason"": ""Il partecipante cita il supporto fornito agli insegnanti come vantaggio.""}, {""category"": ""produzione_materiali"", ""evidence"": ""accesso a risorse didattiche avanzate"", ""reason"": ""Il partecipante menziona l'accesso a risorse didattiche avanzate come beneficio.""}]","[{""category"": ""riduzione_relazione"", ""evidence"": ""mancanza di relazione umana"", ""reason"": ""Il partecipante evidenzia la mancanza di relazione umana come svantaggio.""}, {""category"": ""dipendenza"", ""evidence"": ""dipendenza dalla tecnologia"", ""reason"": ""Il partecipante segnala la dipendenza dalla tecnologia come rischio.""}]",1.0,La risposta elenca esplicitamente sia pro che contro dell'uso dell'IA.
insegnanti_futuri_izzi03.md,izzi03,Insegnanti pre-service,insegnanti_pre_service,3,"In base alla tua esperienza, quali sono i pro e i contro dell'uso dell'intelligenza artificiale nell'educazione?","Si può avere una risposta immediata riguardo un dubbio come pro, è tutto troppo facilitato come contro.",misto,1,1,supporto_comprensione,delega_cognitiva,"[{""category"": ""supporto_comprensione"", ""evidence"": ""Si può avere una risposta immediata riguardo un dubbio"", ""reason"": ""Il partecipante evidenzia la capacità dell'IA di fornire risposte rapide a domande specifiche.""}]","[{""category"": ""delega_cognitiva"", ""evidence"": ""è tutto troppo facilitato"", ""reason"": ""Il partecipante segnala che l'eccessiva facilitazione dell'IA può ostacolare lo sforzo cognitivo.""}]",0.9,La risposta elenca esplicitamente un vantaggio (risposta immediata) e uno svantaggio (troppo facilitato).
insegnanti_futuri_lari30.md,Lari30,Insegnanti pre-service,insegnanti_pre_service,3,"In base alla tua esperienza, quali sono i pro e i contro dell'uso dell'intelligenza artificiale nell'educazione?",Riduzione processi cognitivi,nessuno,0,0,,,[],[],0.0,Nessuna classificazione valida restituita dal modello.
insegnanti_futuri_lino15.md,Lino15,Insegnanti pre-service,insegnanti_pre_service,3,"In base alla tua esperienza, quali sono i pro e i contro dell'uso dell'intelligenza artificiale nell'educazione?",Pro percezione più realistico degli argomenti  Contro scarsa immaginazione studenti,nessuno,0,0,,,[],[],0.0,Nessuna classificazione valida restituita dal modello.
insegnanti_futuri_lisi21.md,lisi21,Insegnanti pre-service,insegnanti_pre_service,3,"In base alla tua esperienza, quali sono i pro e i contro dell'uso dell'intelligenza artificiale nell'educazione?",I pro sono che potrebbe facilitare l apprendimento e offrire nuove possibilità agli studenti contro cyberbullismo e violazione della privacy,misto,2,2,supporto_comprensione|creativita_coinvolgimento,privacy_etica|privacy_etica,"[{""category"": ""supporto_comprensione"", ""evidence"": ""facilitare l apprendimento"", ""reason"": ""Il partecipante indica che l'IA può rendere più facile l'apprendimento.""}, {""category"": ""creativita_coinvolgimento"", ""evidence"": ""offrire nuove possibilità agli studenti"", ""reason"": ""Il partecipante cita l'apertura di nuove opportunità per gli studenti.""}]","[{""category"": ""privacy_etica"", ""evidence"": ""violazione della privacy"", ""reason"": ""Il partecipante menziona il rischio di violazione della privacy.""}, {""category"": ""privacy_etica"", ""evidence"": ""cyberbullismo"", ""reason"": ""Il partecipante cita il cyberbullismo come un rischio associato all'uso dell'IA.""}]",0.9,"La risposta elenca esplicitamente sia vantaggi (facilitazione, nuove possibilità) sia svantaggi (cyberbullismo, privacy)."
insegnanti_futuri_lita25.md,lita25,Insegnanti pre-service,insegnanti_pre_service,3,"In base alla tua esperienza, quali sono i pro e i contro dell'uso dell'intelligenza artificiale nell'educazione?","I pro sono che è diventato più facile reperire le informazioni, i contro sono che essendo più facile i ragazzi si impegnano di meno",misto,1,1,ricerca_informazioni,delega_cognitiva,"[{""category"": ""ricerca_informazioni"", ""evidence"": ""è diventato più facile reperire le informazioni"", ""reason"": ""Il partecipante indica che l'IA facilita l'accesso e la raccolta di dati.""}]","[{""category"": ""delega_cognitiva"", ""evidence"": ""i ragazzi si impegnano di meno"", ""reason"": ""Il partecipante segnala una riduzione dell'impegno e dello sforzo cognitivo degli studenti.""}]",0.9,La risposta elenca esplicitamente un vantaggio (facilità di ricerca) e uno svantaggio (ridotto impegno).
insegnanti_futuri_luca30.md,Luca30,Insegnanti pre-service,insegnanti_pre_service,3,"In base alla tua esperienza, quali sono i pro e i contro dell'uso dell'intelligenza artificiale nell'educazione?",Pro,nessuno,0,0,,,[],[],0.0,Nessuna classificazione valida restituita dal modello.
insegnanti_futuri_lupi09.md,Lupi09,Insegnanti pre-service,insegnanti_pre_service,2,"In base alla tua esperienza, quali sono i pro e i contro dell'uso dell'intelligenza artificiale nell'educazione?",Facilitano e velocizzano molti compiti e ricerche ma sarebbe opportuno saperli fare anche senza l'ia,misto,1,1,efficienza_tempo,dipendenza,"[{""category"": ""efficienza_tempo"", ""evidence"": ""Facilitano e velocizzano molti compiti e ricerche"", ""reason"": ""Il partecipante evidenzia il vantaggio di velocizzare i processi operativi.""}]","[{""category"": ""dipendenza"", ""evidence"": ""sarebbe opportuno saperli fare anche senza l'ia"", ""reason"": ""Il partecipante esprime il rischio di non poter operare autonomamente senza l'IA.""}]",0.9,La risposta elenca esplicitamente un beneficio (velocizzazione) e un rischio (necessità di saper fare senza).
insegnanti_futuri_manci11.md,Manci11,Insegnanti pre-service,insegnanti_pre_service,9,"In base alla tua esperienza, quali sono i pro e i contro dell'uso dell'intelligenza artificiale nell'educazione?",Può sostituire il lavoro cognitivo che veniva fatto prima senza intelligenza artificiale,solo_contro,0,1,,delega_cognitiva,[],"[{""category"": ""delega_cognitiva"", ""evidence"": ""Può sostituire il lavoro cognitivo che veniva fatto prima senza intelligenza artificiale"", ""reason"": ""Il partecipante evidenzia il rischio di sostituzione del pensiero autonomo.""}]",0.9,La risposta menziona esclusivamente un aspetto negativo (sostituzione del lavoro cognitivo).
insegnanti_futuri_namo20-10-49.md,Namo20/10/49,Insegnanti pre-service,insegnanti_pre_service,9,"In base alla tua esperienza, quali sono i pro e i contro dell'uso dell'intelligenza artificiale nell'educazione?",Utile per le correzioni ma poco utile come strumento autonomo didattico,misto,1,1,feedback_valutazione,delega_cognitiva,"[{""category"": ""feedback_valutazione"", ""evidence"": ""utile per le correzioni"", ""reason"": ""Il partecipante indica che l'IA è utile per le attività di correzione.""}]","[{""category"": ""delega_cognitiva"", ""evidence"": ""poco utile come strumento autonomo didattico"", ""reason"": ""Il partecipante evidenzia la limitazione dell'IA come strumento di insegnamento autonomo.""}]",0.9,La risposta elenca un vantaggio specifico (correzioni) e un limite specifico (non autonomia didattica).
insegnanti_futuri_nati19.md,nati19,Insegnanti pre-service,insegnanti_pre_service,9,"In base alla tua esperienza, quali sono i pro e i contro dell'uso dell'intelligenza artificiale nell'educazione?",Pro: ci dà la possibilità di accedere molto velocemente alle informazioni  Contro: porterà il nostro cervello a lavorare di meno soprattutto per gli studenti che non lo utilizzano rispettando i limiti,misto,1,1,ricerca_informazioni,delega_cognitiva,"[{""category"": ""ricerca_informazioni"", ""evidence"": ""ci dà la possibilità di accedere molto velocemente alle informazioni"", ""reason"": ""Il partecipante evidenzia la rapidità di accesso alle informazioni come vantaggio.""}]","[{""category"": ""delega_cognitiva"", ""evidence"": ""porterà il nostro cervello a lavorare di meno"", ""reason"": ""Il partecipante segnala il rischio di un ridotto sforzo cognitivo.""}]",0.9,La risposta elenca esplicitamente un pro e un contro.
insegnanti_futuri_nuti5.md,Nuti5,Insegnanti pre-service,insegnanti_pre_service,3,"In base alla tua esperienza, quali sono i pro e i contro dell'uso dell'intelligenza artificiale nell'educazione?",Non so,nessuno,0,0,,,[],[],0.0,La risposta 'Non so' non espone né benefici né rischi specifici.
insegnanti_futuri_oisi08.md,oisi08,Insegnanti pre-service,insegnanti_pre_service,3,"In base alla tua esperienza, quali sono i pro e i contro dell'uso dell'intelligenza artificiale nell'educazione?","Non so rispondere, non insegno ancora",nessuno,0,0,,,[],[],0.0,Nessuna classificazione valida restituita dal modello.
insegnanti_futuri_ondo14.md,ondo14,Insegnanti pre-service,insegnanti_pre_service,2,"In base alla tua esperienza, quali sono i pro e i contro dell'uso dell'intelligenza artificiale nell'educazione?",Pro: può facilitare l’apprendimento in alcuni contesti; contro: si cade spesso in usi sbagliati (gli studenti possono chiedere di risolvere esercizi per casa e copiare i procedimenti ),misto,1,2,supporto_comprensione,plagio_autorialita|delega_cognitiva,"[{""category"": ""supporto_comprensione"", ""evidence"": ""può facilitare l'apprendimento"", ""reason"": ""Il partecipante indica che l'IA può agevolare il processo di apprendimento in determinati contesti.""}]","[{""category"": ""plagio_autorialita"", ""evidence"": ""copiare i procedimenti"", ""reason"": ""Il partecipante evidenzia il rischio che gli studenti utilizzino l'IA per copiare le soluzioni degli esercizi.""}, {""category"": ""delega_cognitiva"", ""evidence"": ""chiedere di risolvere esercizi per casa"", ""reason"": ""Il partecipante segnala il rischio di delegare il compito di risoluzione degli esercizi all'IA.""}]",0.9,"La risposta elenca esplicitamente un beneficio ('facilitare l'apprendimento') e due rischi distinti ('usi sbagliati', 'copiare', 'risolvere esercizi')."
insegnanti_futuri_oni11.md,Oni11,Insegnanti pre-service,insegnanti_pre_service,3,"In base alla tua esperienza, quali sono i pro e i contro dell'uso dell'intelligenza artificiale nell'educazione?",Non so rispondere perché ancora non insegno,nessuno,0,0,,,[],[],1.0,"Il partecipante dichiara di non poter rispondere perché non insegna ancora, quindi non esprime né pro né contro."
insegnanti_futuri_onti28.md,Onti28,Insegnanti pre-service,insegnanti_pre_service,3,"In base alla tua esperienza, quali sono i pro e i contro dell'uso dell'intelligenza artificiale nell'educazione?","Pro: aiuta a comprendere e spiegare argomenti complessi, può fornire spunti su cui riflettere Contro: un uso non consapevole potrebbe portare ad un “copia e incolla” di contenuti, non supportato da una riflessione",misto,2,1,supporto_comprensione|creativita_coinvolgimento,delega_cognitiva,"[{""category"": ""supporto_comprensione"", ""evidence"": ""aiuta a comprendere e spiegare argomenti complessi"", ""reason"": ""Il partecipante evidenzia il vantaggio di facilitare la comprensione di concetti difficili.""}, {""category"": ""creativita_coinvolgimento"", ""evidence"": ""può fornire spunti su cui riflettere"", ""reason"": ""Il partecipante indica il beneficio di generare idee e stimolare la riflessione.""}]","[{""category"": ""delega_cognitiva"", ""evidence"": ""un uso non consapevole potrebbe portare ad un 'copia e incolla' di contenuti, non supportato da una riflessione"", ""reason"": ""Il partecipante segnala il rischio di un utilizzo passivo che bypassa il pensiero critico.""}]",0.95,La risposta elenca esplicitamente sia benefici che rischi specifici dell'uso dell'IA.
insegnanti_futuri_orgi03.md,Orgi03,Insegnanti pre-service,insegnanti_pre_service,8,"In base alla tua esperienza, quali sono i pro e i contro dell'uso dell'intelligenza artificiale nell'educazione?",Pro: facilita la creazione di contenuti  Contro: quando non riesce a comprendere il contenuto di un documento si perde tanto tempo,misto,1,2,produzione_materiali,affidabilita_errori|efficienza_tempo,"[{""category"": ""produzione_materiali"", ""evidence"": ""facilita la creazione di contenuti"", ""reason"": ""Il partecipante evidenzia la facilitazione nella creazione di materiali didattici.""}]","[{""category"": ""affidabilita_errori"", ""evidence"": ""quando non riesce a comprendere il contenuto di un documento"", ""reason"": ""Il partecipante segnala il rischio di errore o incapacità dell'IA nel comprendere i testi.""}, {""category"": ""efficienza_tempo"", ""evidence"": ""si perde tanto tempo"", ""reason"": ""Il partecipante indica una perdita di tempo dovuta ai limiti dell'IA.""}]",0.9,La risposta elenca esplicitamente un vantaggio e due svantaggi specifici.
insegnanti_futuri_orgi15.md,Orgi15,Insegnanti pre-service,insegnanti_pre_service,2,"In base alla tua esperienza, quali sono i pro e i contro dell'uso dell'intelligenza artificiale nell'educazione?","Automatizza molto, pratiche che avrebbero avuto un dispendio di tempo, che sarebbe potuto essere investito in altre pratiche",solo_pro,1,0,efficienza_tempo,,"[{""category"": ""efficienza_tempo"", ""evidence"": ""Automatizza molto, pratiche che avrebbero avuto un dispendio di tempo"", ""reason"": ""Il partecipante evidenzia il risparmio di tempo ottenuto automatizzando attività dispendiose.""}]",[],0.9,La risposta menziona esclusivamente un beneficio operativo (risparmio di tempo).
insegnanti_futuri_orio18.md,Orio18,Insegnanti pre-service,insegnanti_pre_service,3,"In base alla tua esperienza, quali sono i pro e i contro dell'uso dell'intelligenza artificiale nell'educazione?","Suppongo, non avendola utilizzata, che sia uno strumento molto valido per creare contenuti interattivi e coinvolgenti ma da non considerare nella valutazione degli studenti, poiché manca del tutto la componente fondamentale dell'empatia e della conoscenza dell'alunno sul piano personale",misto,1,2,creativita_coinvolgimento,riduzione_relazione|riduzione_relazione,"[{""category"": ""creativita_coinvolgimento"", ""evidence"": ""creare contenuti interattivi e coinvolgenti"", ""reason"": ""Il partecipante ipotizza che l'IA sia valida per generare materiali interattivi e coinvolgenti.""}]","[{""category"": ""riduzione_relazione"", ""evidence"": ""manca del tutto la componente fondamentale dell'empatia"", ""reason"": ""Il partecipante evidenzia la mancanza di empatia come limite principale.""}, {""category"": ""riduzione_relazione"", ""evidence"": ""conoscenza dell'alunno sul piano personale"", ""reason"": ""Il partecipante segnala l'incapacità dell'IA di conoscere lo studente a livello personale.""}]",0.9,La risposta elenca un potenziale beneficio (creatività) e due rischi relazionali (mancanza di empatia e conoscenza personale).
insegnanti_futuri_orsa17.md,Orsa17,Insegnanti pre-service,insegnanti_pre_service,2,"In base alla tua esperienza, quali sono i pro e i contro dell'uso dell'intelligenza artificiale nell'educazione?","Pratica e comoda, ma  con rischio di anestetizzare il cervello.",nessuno,0,0,,,[],[],0.0,Nessuna classificazione valida restituita dal modello.
insegnanti_futuri_ossi27.md,Ossi27,Insegnanti pre-service,insegnanti_pre_service,9,"In base alla tua esperienza, quali sono i pro e i contro dell'uso dell'intelligenza artificiale nell'educazione?","Non si può sviluppare pensiero critico con AI, ma si semplifica il lavoro",misto,1,1,efficienza_tempo,delega_cognitiva,"[{""category"": ""efficienza_tempo"", ""evidence"": ""si semplifica il lavoro"", ""reason"": ""Il partecipante indica che l'IA semplifica il lavoro, riducendo il carico operativo.""}]","[{""category"": ""delega_cognitiva"", ""evidence"": ""Non si può sviluppare pensiero critico con AI"", ""reason"": ""Il partecipante afferma che l'uso dell'IA impedisce lo sviluppo del pensiero critico.""}]",0.9,La risposta elenca esplicitamente un vantaggio (semplificazione) e uno svantaggio (mancanza di pensiero critico).
insegnanti_futuri_ozzi17.md,ozzi17,Insegnanti pre-service,insegnanti_pre_service,3,"In base alla tua esperienza, quali sono i pro e i contro dell'uso dell'intelligenza artificiale nell'educazione?",Sono utili per produrre materiali e per l’inclusione delle persone con disabilità,nessuno,0,0,,,[],[],0.0,Nessuna classificazione valida restituita dal modello.
insegnanti_futuri_pani16.md,Pani16,Insegnanti pre-service,insegnanti_pre_service,3,"In base alla tua esperienza, quali sono i pro e i contro dell'uso dell'intelligenza artificiale nell'educazione?",Facilità le attività ma non si sviluppano a pieno le capacità,misto,1,1,efficienza_tempo,delega_cognitiva,"[{""category"": ""efficienza_tempo"", ""evidence"": ""Facilità le attività"", ""reason"": ""Il partecipante evidenzia che l'IA rende più agevole l'esecuzione delle attività.""}]","[{""category"": ""delega_cognitiva"", ""evidence"": ""non si sviluppano a pieno le capacità"", ""reason"": ""Il partecipante segnala che l'uso dell'IA impedisce lo sviluppo completo delle capacità cognitive.""}]",0.9,La risposta elenca esplicitamente un vantaggio (facilità) e uno svantaggio (mancanza di sviluppo capacità).
insegnanti_futuri_pina06.md,Pina06,Insegnanti pre-service,insegnanti_pre_service,3,"In base alla tua esperienza, quali sono i pro e i contro dell'uso dell'intelligenza artificiale nell'educazione?",In base alla mia esperienza mi verrebbe da dire che ci sono solo contro ma forse scoprirò che ci sono anche dei pro,solo_contro,0,1,,delega_cognitiva,[],"[{""category"": ""delega_cognitiva"", ""evidence"": ""ci sono solo contro"", ""reason"": ""Il partecipante esprime un'opinione negativa generale sull'uso dell'IA.""}]",0.9,La risposta indica esplicitamente la presenza di solo contro.
insegnanti_futuri_pina54.md,pina54,Insegnanti pre-service,insegnanti_pre_service,2,"In base alla tua esperienza, quali sono i pro e i contro dell'uso dell'intelligenza artificiale nell'educazione?","Velocità come pro,",solo_pro,1,0,efficienza_tempo,,"[{""category"": ""efficienza_tempo"", ""evidence"": ""Velocità"", ""reason"": ""Il partecipante cita esplicitamente la velocità come vantaggio.""}]",[],1.0,La risposta menziona solo un beneficio (velocità) senza citare contro.
insegnanti_futuri_poli03.md,Poli03,Insegnanti pre-service,insegnanti_pre_service,2,"In base alla tua esperienza, quali sono i pro e i contro dell'uso dell'intelligenza artificiale nell'educazione?","Contro: utilizzo improprio da parte degli studenti. Viene utilizzata per fare i compiti, verifiche ed  esami senza studiare e/o capire e/o ragionare.  Pro: velocizzare alcuni iter e focalizzarsi sull'obiettivo",misto,1,1,efficienza_tempo,delega_cognitiva,"[{""category"": ""efficienza_tempo"", ""evidence"": ""velocizzare alcuni iter"", ""reason"": ""Il partecipante cita la capacità di accelerare i processi.""}]","[{""category"": ""delega_cognitiva"", ""evidence"": ""utilizzata per fare i compiti, verifiche ed esami senza studiare e/o capire e/o ragionare"", ""reason"": ""Il partecipante evidenzia il rischio di sostituire lo studio e il ragionamento con l'uso strumentale dell'IA.""}]",0.9,La risposta elenca esplicitamente un pro e un contro.
insegnanti_futuri_prella42.md,Prella42,Insegnanti pre-service,insegnanti_pre_service,9,"In base alla tua esperienza, quali sono i pro e i contro dell'uso dell'intelligenza artificiale nell'educazione?",Non so,nessuno,0,0,,,[],[],0.0,"Il partecipante dichiara di non avere esperienza o conoscenza sulla domanda, rendendo impossibile identificare pro o contro."
insegnanti_futuri_rghi08.md,Rghi08,Insegnanti pre-service,insegnanti_pre_service,3,"In base alla tua esperienza, quali sono i pro e i contro dell'uso dell'intelligenza artificiale nell'educazione?","I pro li ritroviamo nell'organizzazione delle lezioni i contro è che i docenti si affidano completamente all'ali senza metterci del proprio. È sempre una macchina che abbiamo realizzano noi umani, esseri pensanti.",misto,1,1,autonomia_organizzazione,delega_cognitiva,"[{""category"": ""autonomia_organizzazione"", ""evidence"": ""organizzazione delle lezioni"", ""reason"": ""Il partecipante cita l'organizzazione delle lezioni come vantaggio.""}]","[{""category"": ""delega_cognitiva"", ""evidence"": ""i docenti si affidano completamente all'ali senza metterci del proprio"", ""reason"": ""Il partecipante segnala il rischio di una dipendenza totale e di una mancanza di apporto personale.""}]",0.9,La risposta elenca esplicitamente un pro e un contro.
insegnanti_futuri_rigo23.md,Rigo23,Insegnanti pre-service,insegnanti_pre_service,8,"In base alla tua esperienza, quali sono i pro e i contro dell'uso dell'intelligenza artificiale nell'educazione?",I pro sono molti. L'intelligenza fornisce molti spunti. Il problema è che può essere utilizzata male dagli studenti,misto,1,1,creativita_coinvolgimento,delega_cognitiva,"[{""category"": ""creativita_coinvolgimento"", ""evidence"": ""L'intelligenza fornisce molti spunti"", ""reason"": ""Il partecipante indica che l'IA offre idee e stimoli creativi.""}]","[{""category"": ""delega_cognitiva"", ""evidence"": ""può essere utilizzata male dagli studenti"", ""reason"": ""Il partecipante evidenzia il rischio di un uso improprio che porta a una cattiva gestione o dipendenza.""}]",0.7,La risposta elenca esplicitamente un vantaggio ('molti spunti') e un rischio ('utilizzata male').
insegnanti_futuri_rini29.md,rini29,Insegnanti pre-service,insegnanti_pre_service,3,"In base alla tua esperienza, quali sono i pro e i contro dell'uso dell'intelligenza artificiale nell'educazione?",Non la uso nell’educazione ma nel mio lavoro che al momento è un altro,nessuno,0,0,,,[],[],0.0,Nessuna classificazione valida restituita dal modello.
insegnanti_futuri_rino01.md,Rino01,Insegnanti pre-service,insegnanti_pre_service,9,"In base alla tua esperienza, quali sono i pro e i contro dell'uso dell'intelligenza artificiale nell'educazione?",Pro:potrebbero essere un valido supporto. Contro: gli alunni potrebbero non usarla in modo corretto,misto,1,1,supporto_comprensione,delega_cognitiva,"[{""category"": ""supporto_comprensione"", ""evidence"": ""potrebbero essere un valido supporto"", ""reason"": ""Il partecipante indica che l'IA può fungere da aiuto utile.""}]","[{""category"": ""delega_cognitiva"", ""evidence"": ""gli alunni potrebbero non usarla in modo corretto"", ""reason"": ""Il partecipante evidenzia il rischio di un utilizzo improprio che potrebbe implicare una cattiva gestione o dipendenza.""}]",0.9,La risposta elenca esplicitamente un vantaggio ('valido supporto') e uno svantaggio ('non usarla in modo corretto').
insegnanti_futuri_rone14.md,rone14,Insegnanti pre-service,insegnanti_pre_service,2,"In base alla tua esperienza, quali sono i pro e i contro dell'uso dell'intelligenza artificiale nell'educazione?",Non ho ancora fatto esperienza su questo,nessuno,0,0,,,[],[],1.0,"Il partecipante dichiara di non avere ancora esperienza sull'argomento, quindi non esprime né pro né contro."
insegnanti_futuri_sani26.md,sani26,Insegnanti pre-service,insegnanti_pre_service,9,"In base alla tua esperienza, quali sono i pro e i contro dell'uso dell'intelligenza artificiale nell'educazione?",Solo e unicamente pro,solo_pro,0,0,,,[],[],1.0,"Il partecipante dichiara esplicitamente che ci sono 'Solo e unicamente pro', indicando assenza di contro."
insegnanti_futuri_sati03.md,sati03,Insegnanti pre-service,insegnanti_pre_service,2,"In base alla tua esperienza, quali sono i pro e i contro dell'uso dell'intelligenza artificiale nell'educazione?",Pro: diminuzione/facilitazione del lavoro. Contro: errato utilizzo,misto,1,1,efficienza_tempo,affidabilita_errori,"[{""category"": ""efficienza_tempo"", ""evidence"": ""diminuzione/facilitazione del lavoro"", ""reason"": ""Il partecipante indica che l'IA riduce o facilita il carico di lavoro.""}]","[{""category"": ""affidabilita_errori"", ""evidence"": ""errato utilizzo"", ""reason"": ""Il partecipante segnala il rischio legato a un uso improprio o errato dell'IA.""}]",0.9,La risposta elenca esplicitamente un pro (facilitazione) e un contro (errato utilizzo).
insegnanti_futuri_ser14.md,Ser14,Insegnanti pre-service,insegnanti_pre_service,3,"In base alla tua esperienza, quali sono i pro e i contro dell'uso dell'intelligenza artificiale nell'educazione?",Nn ho esperienza,nessuno,0,0,,,[],[],1.0,Il partecipante dichiara esplicitamente di non avere esperienza sull'argomento.
insegnanti_futuri_sser26.md,sser26,Insegnanti pre-service,insegnanti_pre_service,8,"In base alla tua esperienza, quali sono i pro e i contro dell'uso dell'intelligenza artificiale nell'educazione?","Pro: automazione di attività a basso valore aggiunto, risparmio di tempo, velocità nell'elaborazione del materiale bibliografico. Contro: in mancanza di un uso critico, può compromettere la capacità di ragionamento ed essere utilizzata in modo anti-etico.",misto,3,2,efficienza_tempo|produzione_materiali|autonomia_organizzazione,delega_cognitiva|privacy_etica,"[{""category"": ""efficienza_tempo"", ""evidence"": ""risparmio di tempo"", ""reason"": ""Il partecipante cita il risparmio di tempo come vantaggio.""}, {""category"": ""produzione_materiali"", ""evidence"": ""velocità nell'elaborazione del materiale bibliografico"", ""reason"": ""Il partecipante evidenzia la rapidità nell'elaborazione dei materiali.""}, {""category"": ""autonomia_organizzazione"", ""evidence"": ""automazione di attività a basso valore aggiunto"", ""reason"": ""Il partecipante indica l'automazione di compiti come beneficio organizzativo.""}]","[{""category"": ""delega_cognitiva"", ""evidence"": ""può compromettere la capacità di ragionamento"", ""reason"": ""Il partecipante segnala il rischio di perdita di capacità di ragionamento.""}, {""category"": ""privacy_etica"", ""evidence"": ""essere utilizzata in modo anti-etico"", ""reason"": ""Il partecipante menziona il rischio di utilizzo anti-etico dell'IA.""}]",0.95,La risposta elenca chiaramente sia vantaggi operativi che rischi etici e cognitivi.
insegnanti_futuri_tese26.md,Tese26,Insegnanti pre-service,insegnanti_pre_service,3,"In base alla tua esperienza, quali sono i pro e i contro dell'uso dell'intelligenza artificiale nell'educazione?",Pro: velocità; contro: omologazione,misto,1,1,efficienza_tempo,standardizzazione,"[{""category"": ""efficienza_tempo"", ""evidence"": ""velocità"", ""reason"": ""Il partecipante cita la velocità come vantaggio operativo.""}]","[{""category"": ""standardizzazione"", ""evidence"": ""omologazione"", ""reason"": ""Il partecipante segnala il rischio di uniformità e perdita di diversità.""}]",1.0,La risposta elenca esplicitamente un pro e un contro.
insegnanti_futuri_tino16.md,tino16,Insegnanti pre-service,insegnanti_pre_service,2,"In base alla tua esperienza, quali sono i pro e i contro dell'uso dell'intelligenza artificiale nell'educazione?",Non ho esperienza,nessuno,0,0,,,[],[],1.0,"Il partecipante dichiara esplicitamente di non avere esperienza sull'argomento, rendendo impossibile l'identificazione di pro o contro."
insegnanti_futuri_tino71.md,Tino71,Insegnanti pre-service,insegnanti_pre_service,3,"In base alla tua esperienza, quali sono i pro e i contro dell'uso dell'intelligenza artificiale nell'educazione?",Non insegno,nessuno,0,0,,,[],[],1.0,"Il partecipante dichiara di non insegnare, quindi non fornisce alcuna esperienza o opinione sui pro e contro dell'IA."
insegnanti_futuri_toni22.md,Toni22,Insegnanti pre-service,insegnanti_pre_service,2,"In base alla tua esperienza, quali sono i pro e i contro dell'uso dell'intelligenza artificiale nell'educazione?",Pro: rendere più semplice e interattivo l'apprendimento. Contro: arrivare a trascurare le altri fonti di informazioni.,misto,1,1,creativita_coinvolgimento,ricerca_informazioni,"[{""category"": ""creativita_coinvolgimento"", ""evidence"": ""rendere più semplice e interattivo l'apprendimento"", ""reason"": ""Il partecipante evidenzia l'aumento dell'interattività e della semplicità come vantaggio.""}]","[{""category"": ""ricerca_informazioni"", ""evidence"": ""arrivare a trascurare le altri fonti di informazioni"", ""reason"": ""Il partecipante segnala il rischio di ignorare altre fonti a favore dell'IA.""}]",0.9,La risposta elenca esplicitamente un pro e un contro.
insegnanti_futuri_toni23.md,Toni23,Insegnanti pre-service,insegnanti_pre_service,3,"In base alla tua esperienza, quali sono i pro e i contro dell'uso dell'intelligenza artificiale nell'educazione?","I pro la velocità nel reperire informazioni, i contro il facile accesso senza impegno",misto,1,1,ricerca_informazioni,delega_cognitiva,"[{""category"": ""ricerca_informazioni"", ""evidence"": ""velocità nel reperire informazioni"", ""reason"": ""Il partecipante evidenzia la rapidità di accesso ai dati come vantaggio.""}]","[{""category"": ""delega_cognitiva"", ""evidence"": ""facile accesso senza impegno"", ""reason"": ""Il partecipante suggerisce che la facilità d'uso possa portare a una mancanza di sforzo cognitivo o impegno.""}]",0.9,La risposta elenca esplicitamente un pro e un contro.
insegnanti_futuri_urdi30.md,urdi30,Insegnanti pre-service,insegnanti_pre_service,4,"In base alla tua esperienza, quali sono i pro e i contro dell'uso dell'intelligenza artificiale nell'educazione?","Velocizzare il lavoro, Carenza di stimolo nella propria formazione",misto,1,1,efficienza_tempo,delega_cognitiva,"[{""category"": ""efficienza_tempo"", ""evidence"": ""Velocizzare il lavoro"", ""reason"": ""Il partecipante indica che l'IA accelera l'esecuzione dei compiti.""}]","[{""category"": ""delega_cognitiva"", ""evidence"": ""Carenza di stimolo nella propria formazione"", ""reason"": ""Il partecipante segnala che l'uso dell'IA riduce la stimolazione formativa e il pensiero autonomo.""}]",0.9,La risposta elenca esplicitamente un vantaggio (velocità) e uno svantaggio (mancanza di stimolo).
insegnanti_futuri_urso12.md,Urso12,Insegnanti pre-service,insegnanti_pre_service,3,"In base alla tua esperienza, quali sono i pro e i contro dell'uso dell'intelligenza artificiale nell'educazione?",Facilità il lavoro ma limita il pensiero razionale e creativo,misto,1,1,efficienza_tempo,creativita_coinvolgimento,"[{""category"": ""efficienza_tempo"", ""evidence"": ""Facilità il lavoro"", ""reason"": ""Il partecipante evidenzia che l'IA rende più agevole l'esecuzione del lavoro.""}]","[{""category"": ""creativita_coinvolgimento"", ""evidence"": ""limita il pensiero razionale e creativo"", ""reason"": ""Il partecipante segnala che l'uso dell'IA riduce le capacità di pensiero creativo e razionale.""}]",0.9,La risposta elenca esplicitamente un vantaggio ('Facilità il lavoro') e uno svantaggio ('limita il pensiero razionale e creativo').
insegnanti_futuri_usso06.md,usso06,Insegnanti pre-service,insegnanti_pre_service,8,"In base alla tua esperienza, quali sono i pro e i contro dell'uso dell'intelligenza artificiale nell'educazione?",pregi: sintesi difetti: poco uso del cervello,nessuno,0,0,,,[],[],0.0,Nessuna classificazione valida restituita dal modello.
insegnanti_futuri_vich14.md,Vich14,Insegnanti pre-service,insegnanti_pre_service,3,"In base alla tua esperienza, quali sono i pro e i contro dell'uso dell'intelligenza artificiale nell'educazione?","Non ho esperienza in merito, ma posso ipotizzare che gli studenti possano farne ricorso per evitare di impegnarsi in alcuni compiti",solo_contro,0,1,,delega_cognitiva,[],"[{""category"": ""delega_cognitiva"", ""evidence"": ""evitare di impegnarsi in alcuni compiti"", ""reason"": ""Il partecipante ipotizza che l'IA venga usata per non fare i compiti, indicando una perdita di impegno e sforzo cognitivo.""}]",0.9,La risposta esplicita un unico rischio potenziale (uso per evitare compiti) senza menzionare benefici.
