id,raw_stem,population,wiki_page,wiki_dim,label_dims,match_item,match_score,item_codes,auto_suggestion,final_decision,review_note
1,insegnanti_attuali_runo01,insegnanti-attuali,wiki/insegnanti-attuali/adequacy-of-support/logistica-e-dispositivi.md,A,P|S|X,8,0.875,N1,label,,
2,insegnanti_attuali_uzzi13,insegnanti-attuali,wiki/insegnanti-attuali/adequacy-of-support/resistenza-manageriale.md,A,I|P|R|S|X,8,0.985,I5,label,,
3,insegnanti_futuri_buri03,insegnanti-futuri,wiki/insegnanti-futuri/adequacy-of-support-insegnanti-futuri.md,A,,1,1.0,N1,label,,
4,insegnanti_futuri_rini29,insegnanti-futuri,wiki/insegnanti-futuri/adequacy-of-support-insegnanti-futuri.md,A,R,4,0.989,R3,label,,
5,studenti_mili08,studenti,wiki/studenti/adequacy-of-support-studenti.md,A,P|X,4,0.298,P2|X3,unclear,,
6,studenti_ncas14,studenti,wiki/studenti/adequacy-of-support-studenti.md,A,X,,,,unclear,,
7,insegnanti_attuali_nato15,insegnanti-attuali,wiki/insegnanti-attuali/interpersonal-trust/bias-e-allucinazione.md,I,P|S|X,10,0.425,S5,unclear,,
8,insegnanti_attuali_tini20,insegnanti-attuali,wiki/insegnanti-attuali/interpersonal-trust/bias-e-allucinazione.md,I,P|R|S|X,9,0.791,R2|X7,label,,
9,insegnanti_attuali_pali25,insegnanti-attuali,wiki/insegnanti-attuali/interpersonal-trust/paradosso-digitale.md,I,S|X,3,0.985,S4|X1,label,,
10,insegnanti_futuri_agna12,insegnanti-futuri,wiki/insegnanti-futuri/interpersonal-trust/sostituzione-docente.md,I,S|X,3,0.977,X2|S4,label,,
11,insegnanti_futuri_ser14,insegnanti-futuri,wiki/insegnanti-futuri/interpersonal-trust/sostituzione-docente.md,I,S,4,1.0,S6,label,,
12,studenti_bini02,studenti,wiki/studenti/interpersonal-trust/conferma-sfiducia-e-privacy.md,I,P,8,0.889,N1,label,,
13,studenti_hini29,studenti,wiki/studenti/interpersonal-trust/sfiducia-tecnica-e-strutturale.md,I,A|P|R|S|X,6,0.581,A3,unclear,,
14,insegnanti_attuali_enzi01,insegnanti-attuali,wiki/insegnanti-attuali/practice-patterns/nai-e-traduzione.md,P,R|S,3,0.947,S4,label,,
15,insegnanti_futuri_erna24,insegnanti-futuri,wiki/insegnanti-futuri/practice-patterns/facilitazione-accademica.md,P,I|R|S|X,2,0.9,X2|R4|I2,label,,
16,studenti_diego,studenti,wiki/studenti/practice-patterns/uso-strumentale-evasivo.md,P,S,4,0.98,S2|S4,label,,
17,insegnanti_attuali_boni0503,insegnanti-attuali,wiki/insegnanti-attuali/readiness-beliefs-insegnanti-attuali.md,R,A,2,1.0,A1,label,,
18,insegnanti_attuali_cini17,insegnanti-attuali,wiki/insegnanti-attuali/readiness-beliefs-insegnanti-attuali.md,R,S|X,1,1.0,N1,label,,
19,insegnanti_attuali_paro03,insegnanti-attuali,wiki/insegnanti-attuali/readiness-beliefs-insegnanti-attuali.md,R,A|S,3,1.0,A1,label,,
20,insegnanti_attuali_zzo26,insegnanti-attuali,wiki/insegnanti-attuali/readiness-beliefs-insegnanti-attuali.md,R,S|X,1,0.9,N1,label,,
21,insegnanti_futuri_ardi11,insegnanti-futuri,wiki/insegnanti-futuri/readiness-beliefs-insegnanti-futuri.md,R,P|S|X,2,1.0,N1,label,,
22,insegnanti_futuri_elli07,insegnanti-futuri,wiki/insegnanti-futuri/readiness-beliefs-insegnanti-futuri.md,R,I|P|S|X,1,1.0,N1,label,,
23,studenti_daro04,studenti,wiki/studenti/readiness-beliefs/profili-di-non-uso-1-6.md,R,P|S|X,9,0.642,S6|S4,unclear,,
24,studenti_fori04,studenti,wiki/studenti/readiness-beliefs/profili-di-non-uso-1-6.md,R,I|P|S|X,2,0.392,S4|I4,unclear,,
25,studenti_azzo23,studenti,wiki/studenti/readiness-beliefs/profili-di-non-uso-7-9.md,R,S|X,2,0.958,S6,label,,
26,studenti_ello27,studenti,wiki/studenti/readiness-beliefs/profili-di-non-uso-7-9.md,R,S,1,0.743,N1,label,,
27,insegnanti_attuali_agna09,insegnanti-attuali,wiki/insegnanti-attuali/skepticisms/crollo-relazionale.md,S,A|I|P|X,9,0.682,I4|I5|P2|X3,unclear,,
28,studenti_etti22,studenti,wiki/studenti/skepticisms/evoluzione-del-tabu.md,S,I|P|R|X,4,0.904,P2|X2,label,,
29,insegnanti_attuali_drea25,insegnanti-attuali,wiki/insegnanti-attuali/expectations/inclusione-digitale.md,X,I|P|S,3,0.497,P3|S5,unclear,,
30,studenti_azio3,studenti,wiki/studenti/expectations/autonomia-cognitiva-a-rischio.md,X,R|S,2,0.569,S4|S6,unclear,,
