cohort,polarity,category,count,item_share
insegnanti_in_servizio,pro,efficienza_tempo,76,0.214689
insegnanti_in_servizio,pro,produzione_materiali,42,0.118644
insegnanti_in_servizio,pro,creativita_coinvolgimento,31,0.087571
insegnanti_in_servizio,pro,supporto_comprensione,28,0.079096
insegnanti_in_servizio,pro,ricerca_informazioni,24,0.067797
insegnanti_in_servizio,pro,autonomia_organizzazione,19,0.053672
insegnanti_in_servizio,pro,personalizzazione,17,0.048023
insegnanti_in_servizio,pro,accessibilita_inclusione,16,0.045198
insegnanti_in_servizio,pro,altro,7,0.019774
insegnanti_in_servizio,pro,feedback_valutazione,6,0.016949
insegnanti_in_servizio,pro,affidabilita_errori,3,0.008475
insegnanti_in_servizio,contro,delega_cognitiva,117,0.330508
insegnanti_in_servizio,contro,riduzione_relazione,38,0.107345
insegnanti_in_servizio,contro,dipendenza,37,0.10452
insegnanti_in_servizio,contro,affidabilita_errori,26,0.073446
insegnanti_in_servizio,contro,creativita_coinvolgimento,23,0.064972
insegnanti_in_servizio,contro,standardizzazione,15,0.042373
insegnanti_in_servizio,contro,disuguaglianze,9,0.025424
insegnanti_in_servizio,contro,plagio_autorialita,8,0.022599
insegnanti_in_servizio,contro,privacy_etica,7,0.019774
insegnanti_in_servizio,contro,altro,6,0.016949
insegnanti_in_servizio,contro,autonomia_organizzazione,4,0.011299
insegnanti_in_servizio,contro,ricerca_informazioni,3,0.008475
insegnanti_in_servizio,contro,supporto_comprensione,2,0.00565
insegnanti_in_servizio,contro,personalizzazione,1,0.002825
insegnanti_in_servizio,contro,produzione_materiali,1,0.002825
insegnanti_pre_service,pro,efficienza_tempo,22,0.22449
insegnanti_pre_service,pro,creativita_coinvolgimento,10,0.102041
insegnanti_pre_service,pro,ricerca_informazioni,10,0.102041
insegnanti_pre_service,pro,supporto_comprensione,8,0.081633
insegnanti_pre_service,pro,produzione_materiali,4,0.040816
insegnanti_pre_service,pro,accessibilita_inclusione,3,0.030612
insegnanti_pre_service,pro,autonomia_organizzazione,2,0.020408
insegnanti_pre_service,pro,feedback_valutazione,1,0.010204
insegnanti_pre_service,contro,delega_cognitiva,32,0.326531
insegnanti_pre_service,contro,dipendenza,7,0.071429
insegnanti_pre_service,contro,riduzione_relazione,6,0.061224
insegnanti_pre_service,contro,affidabilita_errori,4,0.040816
insegnanti_pre_service,contro,creativita_coinvolgimento,3,0.030612
insegnanti_pre_service,contro,privacy_etica,3,0.030612
insegnanti_pre_service,contro,plagio_autorialita,2,0.020408
insegnanti_pre_service,contro,standardizzazione,2,0.020408
insegnanti_pre_service,contro,autonomia_organizzazione,1,0.010204
insegnanti_pre_service,contro,efficienza_tempo,1,0.010204
insegnanti_pre_service,contro,ricerca_informazioni,1,0.010204
studenti,pro,efficienza_tempo,119,0.44403
studenti,pro,supporto_comprensione,87,0.324627
studenti,pro,produzione_materiali,23,0.085821
studenti,pro,ricerca_informazioni,20,0.074627
studenti,pro,autonomia_organizzazione,12,0.044776
studenti,pro,personalizzazione,4,0.014925
studenti,pro,creativita_coinvolgimento,3,0.011194
studenti,pro,altro,2,0.007463
studenti,contro,delega_cognitiva,127,0.473881
studenti,contro,dipendenza,47,0.175373
studenti,contro,affidabilita_errori,41,0.152985
studenti,contro,creativita_coinvolgimento,9,0.033582
studenti,contro,plagio_autorialita,7,0.026119
studenti,contro,riduzione_relazione,7,0.026119
studenti,contro,altro,6,0.022388
studenti,contro,autonomia_organizzazione,4,0.014925
studenti,contro,disuguaglianze,4,0.014925
studenti,contro,standardizzazione,4,0.014925
studenti,contro,privacy_etica,3,0.011194
studenti,contro,individualizzazione,1,0.003731
studenti,contro,personalizzazione,1,0.003731
studenti,contro,supporto_comprensione,1,0.003731
