question,items_total,emotion_label,count,item_share
"In base alla tua esperienza, quali sono i pro e i contro dell'uso dell'intelligenza artificiale nell'educazione?",454,preoccupazione,234,0.515419
"In base alla tua esperienza, quali sono i pro e i contro dell'uso dell'intelligenza artificiale nell'educazione?",454,frustrazione,59,0.129956
"In base alla tua esperienza, quali sono i pro e i contro dell'uso dell'intelligenza artificiale nell'educazione?",454,fiducia,57,0.125551
"In base alla tua esperienza, quali sono i pro e i contro dell'uso dell'intelligenza artificiale nell'educazione?",454,entusiasmo,22,0.048458
"In base alla tua esperienza, quali sono i pro e i contro dell'uso dell'intelligenza artificiale nell'educazione?",454,curiosita,14,0.030837
"In base alla tua esperienza, quali sono i pro e i contro dell'uso dell'intelligenza artificiale nell'educazione?",454,rabbia,13,0.028634
"In base alla tua esperienza, quali sono i pro e i contro dell'uso dell'intelligenza artificiale nell'educazione?",454,paura,8,0.017621
"In base alla tua esperienza, quali sono i pro e i contro dell'uso dell'intelligenza artificiale nell'educazione?",454,sollievo,8,0.017621
"In base alla tua esperienza, quali sono i pro e i contro dell'uso dell'intelligenza artificiale nell'educazione?",454,gioia,6,0.013216
"In base alla tua esperienza, quali sono i pro e i contro dell'uso dell'intelligenza artificiale nell'educazione?",454,ansia,3,0.006608
"In base alla tua esperienza, quali sono i pro e i contro dell'uso dell'intelligenza artificiale nell'educazione?",454,sorpresa,2,0.004405
"In base alla tua esperienza, quali sono i pro e i contro dell'uso dell'intelligenza artificiale nell'educazione?",454,tristezza,1,0.002203
"In base alla tua esperiezia, quali sono i pro e i contro dell'uso dell'intelligenza artificiale nello studio?",269,preoccupazione,173,0.643123
"In base alla tua esperiezia, quali sono i pro e i contro dell'uso dell'intelligenza artificiale nello studio?",269,frustrazione,33,0.122677
"In base alla tua esperiezia, quali sono i pro e i contro dell'uso dell'intelligenza artificiale nello studio?",269,fiducia,22,0.081784
"In base alla tua esperiezia, quali sono i pro e i contro dell'uso dell'intelligenza artificiale nello studio?",269,paura,10,0.037175
"In base alla tua esperiezia, quali sono i pro e i contro dell'uso dell'intelligenza artificiale nello studio?",269,rabbia,9,0.033457
"In base alla tua esperiezia, quali sono i pro e i contro dell'uso dell'intelligenza artificiale nello studio?",269,curiosita,6,0.022305
"In base alla tua esperiezia, quali sono i pro e i contro dell'uso dell'intelligenza artificiale nello studio?",269,sollievo,6,0.022305
"In base alla tua esperiezia, quali sono i pro e i contro dell'uso dell'intelligenza artificiale nello studio?",269,gioia,5,0.018587
"In base alla tua esperiezia, quali sono i pro e i contro dell'uso dell'intelligenza artificiale nello studio?",269,entusiasmo,4,0.01487
"In base alla tua esperiezia, quali sono i pro e i contro dell'uso dell'intelligenza artificiale nello studio?",269,sorpresa,1,0.003717
In che modo l'intelligenza artificiale ti aiuta a migliorare ad apprendere?,202,fiducia,57,0.282178
In che modo l'intelligenza artificiale ti aiuta a migliorare ad apprendere?,202,sollievo,49,0.242574
In che modo l'intelligenza artificiale ti aiuta a migliorare ad apprendere?,202,entusiasmo,23,0.113861
In che modo l'intelligenza artificiale ti aiuta a migliorare ad apprendere?,202,gioia,11,0.054455
In che modo l'intelligenza artificiale ti aiuta a migliorare ad apprendere?,202,frustrazione,10,0.049505
In che modo l'intelligenza artificiale ti aiuta a migliorare ad apprendere?,202,curiosita,9,0.044554
In che modo l'intelligenza artificiale ti aiuta a migliorare ad apprendere?,202,sorpresa,2,0.009901
In che modo l'intelligenza artificiale ti aiuta a migliorare ad apprendere?,202,preoccupazione,1,0.00495
In che modo l'intelligenza artificiale ti aiuta a migliorare l'apprendimento dei tuoi studenti?,181,fiducia,45,0.248619
In che modo l'intelligenza artificiale ti aiuta a migliorare l'apprendimento dei tuoi studenti?,181,entusiasmo,35,0.19337
In che modo l'intelligenza artificiale ti aiuta a migliorare l'apprendimento dei tuoi studenti?,181,sollievo,16,0.088398
In che modo l'intelligenza artificiale ti aiuta a migliorare l'apprendimento dei tuoi studenti?,181,gioia,13,0.071823
In che modo l'intelligenza artificiale ti aiuta a migliorare l'apprendimento dei tuoi studenti?,181,preoccupazione,10,0.055249
In che modo l'intelligenza artificiale ti aiuta a migliorare l'apprendimento dei tuoi studenti?,181,curiosita,5,0.027624
In che modo l'intelligenza artificiale ti aiuta a migliorare l'apprendimento dei tuoi studenti?,181,frustrazione,4,0.022099
In che modo l'intelligenza artificiale ti aiuta a migliorare l'apprendimento dei tuoi studenti?,181,ansia,1,0.005525
In che modo l'intelligenza artificiale ti aiuta a migliorare l'apprendimento dei tuoi studenti?,181,paura,1,0.005525
In che modo l'intelligenza artificiale ti aiuta a migliorare l'apprendimento dei tuoi studenti?,181,sorpresa,1,0.005525
In che modo utilizzi l'intelligenza artificiale per personalizzare il tuo studio?,199,fiducia,54,0.271357
In che modo utilizzi l'intelligenza artificiale per personalizzare il tuo studio?,199,curiosita,17,0.085427
In che modo utilizzi l'intelligenza artificiale per personalizzare il tuo studio?,199,entusiasmo,11,0.055276
In che modo utilizzi l'intelligenza artificiale per personalizzare il tuo studio?,199,sollievo,11,0.055276
In che modo utilizzi l'intelligenza artificiale per personalizzare il tuo studio?,199,frustrazione,4,0.020101
In che modo utilizzi l'intelligenza artificiale per personalizzare il tuo studio?,199,ansia,1,0.005025
In che modo utilizzi l'intelligenza artificiale per personalizzare il tuo studio?,199,gioia,1,0.005025
In che modo utilizzi l'intelligenza artificiale per personalizzare il tuo studio?,199,preoccupazione,1,0.005025
"In che modo utilizzi l’intelligenza artificiale per individualizzare l’insegnamento? (Nota: l’individualizzazione si riferisce alle strategie didattiche che mirano ad assicurare a tutti gli studenti il raggiungimento delle competenze fondamentali del curricolo, attraverso una diversificazione dei percorsi di insegnamento.)",183,fiducia,59,0.322404
"In che modo utilizzi l’intelligenza artificiale per individualizzare l’insegnamento? (Nota: l’individualizzazione si riferisce alle strategie didattiche che mirano ad assicurare a tutti gli studenti il raggiungimento delle competenze fondamentali del curricolo, attraverso una diversificazione dei percorsi di insegnamento.)",183,entusiasmo,15,0.081967
"In che modo utilizzi l’intelligenza artificiale per individualizzare l’insegnamento? (Nota: l’individualizzazione si riferisce alle strategie didattiche che mirano ad assicurare a tutti gli studenti il raggiungimento delle competenze fondamentali del curricolo, attraverso una diversificazione dei percorsi di insegnamento.)",183,curiosita,8,0.043716
"In che modo utilizzi l’intelligenza artificiale per individualizzare l’insegnamento? (Nota: l’individualizzazione si riferisce alle strategie didattiche che mirano ad assicurare a tutti gli studenti il raggiungimento delle competenze fondamentali del curricolo, attraverso una diversificazione dei percorsi di insegnamento.)",183,gioia,2,0.010929
"In che modo utilizzi l’intelligenza artificiale per personalizzare l’insegnamento? (Nota: la personalizzazione si riferisce alle strategie didattiche finalizzate a garantire a ogni studente una propria forma di eccellenza cognitiva, offrendo possibilità elettive per coltivare le proprie potenzialità intellettive.)",182,fiducia,53,0.291209
"In che modo utilizzi l’intelligenza artificiale per personalizzare l’insegnamento? (Nota: la personalizzazione si riferisce alle strategie didattiche finalizzate a garantire a ogni studente una propria forma di eccellenza cognitiva, offrendo possibilità elettive per coltivare le proprie potenzialità intellettive.)",182,entusiasmo,27,0.148352
"In che modo utilizzi l’intelligenza artificiale per personalizzare l’insegnamento? (Nota: la personalizzazione si riferisce alle strategie didattiche finalizzate a garantire a ogni studente una propria forma di eccellenza cognitiva, offrendo possibilità elettive per coltivare le proprie potenzialità intellettive.)",182,curiosita,5,0.027473
"In che modo utilizzi l’intelligenza artificiale per personalizzare l’insegnamento? (Nota: la personalizzazione si riferisce alle strategie didattiche finalizzate a garantire a ogni studente una propria forma di eccellenza cognitiva, offrendo possibilità elettive per coltivare le proprie potenzialità intellettive.)",182,sollievo,5,0.027473
"In che modo utilizzi l’intelligenza artificiale per personalizzare l’insegnamento? (Nota: la personalizzazione si riferisce alle strategie didattiche finalizzate a garantire a ogni studente una propria forma di eccellenza cognitiva, offrendo possibilità elettive per coltivare le proprie potenzialità intellettive.)",182,frustrazione,2,0.010989
"In che modo utilizzi l’intelligenza artificiale per personalizzare l’insegnamento? (Nota: la personalizzazione si riferisce alle strategie didattiche finalizzate a garantire a ogni studente una propria forma di eccellenza cognitiva, offrendo possibilità elettive per coltivare le proprie potenzialità intellettive.)",182,gioia,2,0.010989
"In che modo utilizzi l’intelligenza artificiale per personalizzare l’insegnamento? (Nota: la personalizzazione si riferisce alle strategie didattiche finalizzate a garantire a ogni studente una propria forma di eccellenza cognitiva, offrendo possibilità elettive per coltivare le proprie potenzialità intellettive.)",182,preoccupazione,1,0.005495
Puoi darci uno o più esempi di prompt che utilizzi? Un prompt è un input di testo che viene fornito a un sistema di intelligenza artificiale o a un modello linguistico per ottenere una risposta o un output generato. In altre parole è porre una domanda o dare un'istruzione a un assistente virtuale o a un chatbot.,384,curiosita,33,0.085938
Puoi darci uno o più esempi di prompt che utilizzi? Un prompt è un input di testo che viene fornito a un sistema di intelligenza artificiale o a un modello linguistico per ottenere una risposta o un output generato. In altre parole è porre una domanda o dare un'istruzione a un assistente virtuale o a un chatbot.,384,fiducia,21,0.054688
Puoi darci uno o più esempi di prompt che utilizzi? Un prompt è un input di testo che viene fornito a un sistema di intelligenza artificiale o a un modello linguistico per ottenere una risposta o un output generato. In altre parole è porre una domanda o dare un'istruzione a un assistente virtuale o a un chatbot.,384,entusiasmo,15,0.039062
Puoi darci uno o più esempi di prompt che utilizzi? Un prompt è un input di testo che viene fornito a un sistema di intelligenza artificiale o a un modello linguistico per ottenere una risposta o un output generato. In altre parole è porre una domanda o dare un'istruzione a un assistente virtuale o a un chatbot.,384,sollievo,4,0.010417
Puoi darci uno o più esempi di prompt che utilizzi? Un prompt è un input di testo che viene fornito a un sistema di intelligenza artificiale o a un modello linguistico per ottenere una risposta o un output generato. In altre parole è porre una domanda o dare un'istruzione a un assistente virtuale o a un chatbot.,384,preoccupazione,3,0.007812
Puoi darci uno o più esempi di prompt che utilizzi? Un prompt è un input di testo che viene fornito a un sistema di intelligenza artificiale o a un modello linguistico per ottenere una risposta o un output generato. In altre parole è porre una domanda o dare un'istruzione a un assistente virtuale o a un chatbot.,384,gioia,2,0.005208
Puoi darci uno o più esempi di prompt che utilizzi? Un prompt è un input di testo che viene fornito a un sistema di intelligenza artificiale o a un modello linguistico per ottenere una risposta o un output generato. In altre parole è porre una domanda o dare un'istruzione a un assistente virtuale o a un chatbot.,384,frustrazione,1,0.002604
Puoi fornire esempi specifici di come l'IA ha migliorato il tuo apprendimento?,198,fiducia,50,0.252525
Puoi fornire esempi specifici di come l'IA ha migliorato il tuo apprendimento?,198,sollievo,38,0.191919
Puoi fornire esempi specifici di come l'IA ha migliorato il tuo apprendimento?,198,gioia,21,0.106061
Puoi fornire esempi specifici di come l'IA ha migliorato il tuo apprendimento?,198,entusiasmo,19,0.09596
Puoi fornire esempi specifici di come l'IA ha migliorato il tuo apprendimento?,198,curiosita,5,0.025253
Puoi fornire esempi specifici di come l'IA ha migliorato il tuo apprendimento?,198,frustrazione,5,0.025253
Puoi fornire esempi specifici di come l'IA ha migliorato il tuo apprendimento?,198,tristezza,2,0.010101
Puoi fornire esempi specifici di come l'IA ha migliorato il tuo apprendimento?,198,ansia,1,0.005051
Puoi fornire esempi specifici di come l'IA ha migliorato il tuo apprendimento?,198,paura,1,0.005051
Puoi fornire esempi specifici di come l'IA ha migliorato il tuo apprendimento?,198,preoccupazione,1,0.005051
Puoi fornire esempi specifici di come l'IA ha migliorato il tuo apprendimento?,198,sorpresa,1,0.005051
Puoi fornire esempi specifici di come l'IA ha migliorato l'apprendimento dei tuoi studenti?,179,fiducia,33,0.184358
Puoi fornire esempi specifici di come l'IA ha migliorato l'apprendimento dei tuoi studenti?,179,gioia,26,0.145251
Puoi fornire esempi specifici di come l'IA ha migliorato l'apprendimento dei tuoi studenti?,179,entusiasmo,15,0.083799
Puoi fornire esempi specifici di come l'IA ha migliorato l'apprendimento dei tuoi studenti?,179,sollievo,15,0.083799
Puoi fornire esempi specifici di come l'IA ha migliorato l'apprendimento dei tuoi studenti?,179,curiosita,10,0.055866
Puoi fornire esempi specifici di come l'IA ha migliorato l'apprendimento dei tuoi studenti?,179,frustrazione,9,0.050279
Puoi fornire esempi specifici di come l'IA ha migliorato l'apprendimento dei tuoi studenti?,179,preoccupazione,7,0.039106
Puoi fornire esempi specifici di come l'IA ha migliorato l'apprendimento dei tuoi studenti?,179,sorpresa,1,0.005587
Puoi spiegare in maniera più dettagliata perché non utilizzi l'IA nella didattica?,266,preoccupazione,65,0.244361
Puoi spiegare in maniera più dettagliata perché non utilizzi l'IA nella didattica?,266,frustrazione,60,0.225564
Puoi spiegare in maniera più dettagliata perché non utilizzi l'IA nella didattica?,266,fiducia,16,0.06015
Puoi spiegare in maniera più dettagliata perché non utilizzi l'IA nella didattica?,266,curiosita,10,0.037594
Puoi spiegare in maniera più dettagliata perché non utilizzi l'IA nella didattica?,266,paura,9,0.033835
Puoi spiegare in maniera più dettagliata perché non utilizzi l'IA nella didattica?,266,ansia,6,0.022556
Puoi spiegare in maniera più dettagliata perché non utilizzi l'IA nella didattica?,266,entusiasmo,5,0.018797
Puoi spiegare in maniera più dettagliata perché non utilizzi l'IA nella didattica?,266,rabbia,3,0.011278
Puoi spiegare in maniera più dettagliata perché non utilizzi l'IA nella didattica?,266,gioia,2,0.007519
Puoi spiegare in maniera più dettagliata perché non utilizzi l'IA nella didattica?,266,tristezza,2,0.007519
Puoi spiegare in maniera più dettagliata perché non utilizzi l'IA nella didattica?,266,sollievo,1,0.003759
Puoi spiegare in maniera più dettagliata perché non utilizzi l'IA nello studio?,71,frustrazione,30,0.422535
Puoi spiegare in maniera più dettagliata perché non utilizzi l'IA nello studio?,71,preoccupazione,12,0.169014
Puoi spiegare in maniera più dettagliata perché non utilizzi l'IA nello studio?,71,fiducia,9,0.126761
Puoi spiegare in maniera più dettagliata perché non utilizzi l'IA nello studio?,71,paura,6,0.084507
Puoi spiegare in maniera più dettagliata perché non utilizzi l'IA nello studio?,71,curiosita,1,0.014085
Quali difficoltà hai incontrato nell'implementazione di strumenti di IA nella tua didattica?,182,frustrazione,48,0.263736
Quali difficoltà hai incontrato nell'implementazione di strumenti di IA nella tua didattica?,182,preoccupazione,34,0.186813
Quali difficoltà hai incontrato nell'implementazione di strumenti di IA nella tua didattica?,182,sollievo,8,0.043956
Quali difficoltà hai incontrato nell'implementazione di strumenti di IA nella tua didattica?,182,curiosita,6,0.032967
Quali difficoltà hai incontrato nell'implementazione di strumenti di IA nella tua didattica?,182,entusiasmo,2,0.010989
Quali difficoltà hai incontrato nell'implementazione di strumenti di IA nella tua didattica?,182,paura,2,0.010989
Quali difficoltà hai incontrato nell'implementazione di strumenti di IA nella tua didattica?,182,fiducia,1,0.005495
Quali difficoltà hai incontrato nell'implementazione di strumenti di IA nella tua pratica di studio?,198,frustrazione,60,0.30303
Quali difficoltà hai incontrato nell'implementazione di strumenti di IA nella tua pratica di studio?,198,preoccupazione,16,0.080808
Quali difficoltà hai incontrato nell'implementazione di strumenti di IA nella tua pratica di studio?,198,sollievo,14,0.070707
Quali difficoltà hai incontrato nell'implementazione di strumenti di IA nella tua pratica di studio?,198,fiducia,4,0.020202
Quali difficoltà hai incontrato nell'implementazione di strumenti di IA nella tua pratica di studio?,198,curiosita,2,0.010101
Quali difficoltà hai incontrato nell'implementazione di strumenti di IA nella tua pratica di studio?,198,rabbia,1,0.005051
Quali sono i tuoi strumenti preferiti e perché?,387,fiducia,108,0.27907
Quali sono i tuoi strumenti preferiti e perché?,387,entusiasmo,41,0.105943
Quali sono i tuoi strumenti preferiti e perché?,387,gioia,22,0.056848
Quali sono i tuoi strumenti preferiti e perché?,387,curiosita,4,0.010336
Quali sono i tuoi strumenti preferiti e perché?,387,frustrazione,3,0.007752
Quali sono i tuoi strumenti preferiti e perché?,387,sollievo,2,0.005168
"Se no, puoi spiegare perché non la utilizzi? (Se la utilizzi, inserisci ""-"".)",367,frustrazione,71,0.19346
"Se no, puoi spiegare perché non la utilizzi? (Se la utilizzi, inserisci ""-"".)",367,preoccupazione,36,0.098093
"Se no, puoi spiegare perché non la utilizzi? (Se la utilizzi, inserisci ""-"".)",367,paura,14,0.038147
"Se no, puoi spiegare perché non la utilizzi? (Se la utilizzi, inserisci ""-"".)",367,fiducia,9,0.024523
"Se no, puoi spiegare perché non la utilizzi? (Se la utilizzi, inserisci ""-"".)",367,rabbia,7,0.019074
"Se no, puoi spiegare perché non la utilizzi? (Se la utilizzi, inserisci ""-"".)",367,entusiasmo,4,0.010899
"Se no, puoi spiegare perché non la utilizzi? (Se la utilizzi, inserisci ""-"".)",367,curiosita,3,0.008174
"Se no, puoi spiegare perché non la utilizzi? (Se la utilizzi, inserisci ""-"".)",367,ansia,1,0.002725
"Se no, puoi spiegare perché non la utilizzi? (Se la utilizzi, inserisci ""-"".)",367,gioia,1,0.002725
"Se no, puoi spiegare perché non la utilizzi? (Se la utilizzi, inserisci ""-"".)",367,tristezza,1,0.002725
"Secondo la tua esperienza, quali pratiche che utilizzano l'intelligenza artificiale NON sono raccomandate o NON dovrebbero essere usate nell'insegnamento? E perché?",451,preoccupazione,127,0.281596
"Secondo la tua esperienza, quali pratiche che utilizzano l'intelligenza artificiale NON sono raccomandate o NON dovrebbero essere usate nell'insegnamento? E perché?",451,fiducia,41,0.090909
"Secondo la tua esperienza, quali pratiche che utilizzano l'intelligenza artificiale NON sono raccomandate o NON dovrebbero essere usate nell'insegnamento? E perché?",451,rabbia,32,0.070953
"Secondo la tua esperienza, quali pratiche che utilizzano l'intelligenza artificiale NON sono raccomandate o NON dovrebbero essere usate nell'insegnamento? E perché?",451,frustrazione,29,0.064302
"Secondo la tua esperienza, quali pratiche che utilizzano l'intelligenza artificiale NON sono raccomandate o NON dovrebbero essere usate nell'insegnamento? E perché?",451,paura,22,0.04878
"Secondo la tua esperienza, quali pratiche che utilizzano l'intelligenza artificiale NON sono raccomandate o NON dovrebbero essere usate nell'insegnamento? E perché?",451,entusiasmo,12,0.026608
"Secondo la tua esperienza, quali pratiche che utilizzano l'intelligenza artificiale NON sono raccomandate o NON dovrebbero essere usate nell'insegnamento? E perché?",451,ansia,8,0.017738
"Secondo la tua esperienza, quali pratiche che utilizzano l'intelligenza artificiale NON sono raccomandate o NON dovrebbero essere usate nell'insegnamento? E perché?",451,curiosita,5,0.011086
"Secondo la tua esperienza, quali pratiche che utilizzano l'intelligenza artificiale NON sono raccomandate o NON dovrebbero essere usate nell'insegnamento? E perché?",451,tristezza,4,0.008869
"Secondo la tua esperienza, quali pratiche che utilizzano l'intelligenza artificiale NON sono raccomandate o NON dovrebbero essere usate nell'insegnamento? E perché?",451,sollievo,2,0.004435
"Secondo la tua esperienza, quali pratiche che utilizzano l'intelligenza artificiale NON sono raccomandate o NON dovrebbero essere usate nell'insegnamento? E perché?",451,gioia,1,0.002217
"Secondo la tua esperienza, quali pratiche che utilizzano l'intelligenza artificiale NON sono raccomandate o NON dovrebbero essere usate per lo studio?E perché?",262,preoccupazione,76,0.290076
"Secondo la tua esperienza, quali pratiche che utilizzano l'intelligenza artificiale NON sono raccomandate o NON dovrebbero essere usate per lo studio?E perché?",262,rabbia,22,0.083969
"Secondo la tua esperienza, quali pratiche che utilizzano l'intelligenza artificiale NON sono raccomandate o NON dovrebbero essere usate per lo studio?E perché?",262,frustrazione,20,0.076336
"Secondo la tua esperienza, quali pratiche che utilizzano l'intelligenza artificiale NON sono raccomandate o NON dovrebbero essere usate per lo studio?E perché?",262,paura,13,0.049618
"Secondo la tua esperienza, quali pratiche che utilizzano l'intelligenza artificiale NON sono raccomandate o NON dovrebbero essere usate per lo studio?E perché?",262,fiducia,11,0.041985
"Secondo la tua esperienza, quali pratiche che utilizzano l'intelligenza artificiale NON sono raccomandate o NON dovrebbero essere usate per lo studio?E perché?",262,ansia,6,0.022901
"Secondo la tua esperienza, quali pratiche che utilizzano l'intelligenza artificiale NON sono raccomandate o NON dovrebbero essere usate per lo studio?E perché?",262,tristezza,5,0.019084
"Secondo la tua esperienza, quali pratiche che utilizzano l'intelligenza artificiale NON sono raccomandate o NON dovrebbero essere usate per lo studio?E perché?",262,entusiasmo,4,0.015267
"Secondo la tua esperienza, quali pratiche che utilizzano l'intelligenza artificiale NON sono raccomandate o NON dovrebbero essere usate per lo studio?E perché?",262,curiosita,1,0.003817
