cohort,emotion_label,count,item_share
insegnanti_in_servizio,preoccupazione,435,0.195946
insegnanti_in_servizio,fiducia,311,0.14009
insegnanti_in_servizio,frustrazione,225,0.101351
insegnanti_in_servizio,entusiasmo,156,0.07027
insegnanti_in_servizio,curiosita,63,0.028378
insegnanti_in_servizio,gioia,55,0.024775
insegnanti_in_servizio,sollievo,52,0.023423
insegnanti_in_servizio,rabbia,48,0.021622
insegnanti_in_servizio,paura,46,0.020721
insegnanti_in_servizio,ansia,18,0.008108
insegnanti_in_servizio,sorpresa,4,0.001802
insegnanti_in_servizio,tristezza,4,0.001802
insegnanti_pre_service,preoccupazione,74,0.14741
insegnanti_pre_service,frustrazione,46,0.091633
insegnanti_pre_service,fiducia,42,0.083665
insegnanti_pre_service,entusiasmo,19,0.037849
insegnanti_pre_service,curiosita,15,0.02988
insegnanti_pre_service,paura,5,0.00996
insegnanti_pre_service,rabbia,5,0.00996
insegnanti_pre_service,gioia,4,0.007968
insegnanti_pre_service,sollievo,4,0.007968
insegnanti_pre_service,tristezza,4,0.007968
studenti,fiducia,297,0.156728
studenti,preoccupazione,288,0.151979
studenti,frustrazione,177,0.093404
studenti,sollievo,123,0.064908
studenti,entusiasmo,79,0.041689
studenti,curiosita,66,0.034828
studenti,gioia,56,0.029551
studenti,paura,35,0.01847
studenti,rabbia,34,0.017942
studenti,ansia,9,0.004749
studenti,tristezza,7,0.003694
studenti,sorpresa,4,0.002111
